fridge_id,member_id,food_id,quantity,purchase_date,expiry_date,deletedat,days_remaining
1,1,190,4,2024-04-29,2024-07-22,,84
1,1,236,5,2024-04-14,2024-05-20,,36
1,1,165,5,2024-04-19,2024-07-16,,88
2,2,154,3,2024-05-04,2024-07-29,,86
2,2,41,2,2024-04-23,2024-07-09,,77
2,2,248,1,2024-04-09,2024-05-13,,34
2,2,43,5,2024-04-19,2024-06-05,,47
3,3,107,1,2024-04-28,2024-07-11,,74
3,3,77,5,2024-04-26,2024-06-15,,50
3,3,10,4,2024-05-02,2024-06-22,,51
3,3,239,4,2024-04-18,2024-06-08,,51
4,4,24,5,2024-05-03,2024-07-15,,73
5,5,114,2,2024-04-21,2024-06-23,,63
5,5,126,5,2024-04-21,2024-06-25,,65
5,5,249,1,2024-04-24,2024-07-01,,68
5,5,145,3,2024-04-28,2024-05-29,,31
5,5,89,5,2024-04-18,2024-06-03,,46
5,5,74,5,2024-04-22,2024-07-12,,81
5,5,42,5,2024-04-14,2024-05-30,,46
5,5,191,2,2024-04-06,2024-05-16,,40
6,6,74,3,2024-04-14,2024-07-01,,78
6,6,149,4,2024-05-04,2024-07-16,,73
6,6,217,5,2024-04-17,2024-06-11,,55
6,6,112,5,2024-04-27,2024-07-09,,73
6,6,186,4,2024-04-23,2024-05-25,,32
6,6,62,3,2024-05-05,2024-07-15,,71
6,6,169,3,2024-04-30,2024-07-27,,88
6,6,66,1,2024-04-06,2024-06-14,,69
7,7,58,4,2024-05-03,2024-07-12,,70
8,8,73,4,2024-04-30,2024-07-18,,79
8,8,219,2,2024-05-03,2024-06-18,,46
8,8,223,3,2024-04-19,2024-06-30,,72
8,8,198,4,2024-05-05,2024-07-08,,64
8,8,222,5,2024-04-14,2024-06-08,,55
8,8,94,5,2024-04-15,2024-06-10,,56
8,8,243,3,2024-04-09,2024-05-23,,44
9,9,142,1,2024-04-24,2024-07-15,,82
9,9,20,4,2024-04-14,2024-05-25,,41
9,9,90,3,2024-04-28,2024-07-02,,65
9,9,109,1,2024-04-21,2024-05-21,,30
9,9,52,5,2024-04-19,2024-07-09,,81
9,9,242,4,2024-04-17,2024-06-29,,73
10,10,224,2,2024-04-24,2024-06-16,,53
10,10,251,2,2024-04-24,2024-07-14,,81
10,10,34,3,2024-04-14,2024-07-07,,84
10,10,258,2,2024-04-13,2024-06-19,,67
10,10,34,5,2024-04-06,2024-06-02,,57
11,11,125,2,2024-04-22,2024-05-29,,37
11,11,232,2,2024-04-10,2024-05-27,,47
11,11,118,4,2024-04-23,2024-06-10,,48
11,11,143,5,2024-04-21,2024-06-27,,67
11,11,207,4,2024-04-06,2024-05-17,,41
11,11,112,5,2024-04-14,2024-06-30,,77
12,12,239,1,2024-04-19,2024-06-22,,64
12,12,159,1,2024-04-23,2024-07-12,,80
12,12,81,3,2024-05-03,2024-07-09,,67
12,12,254,1,2024-04-12,2024-05-17,,35
12,12,200,1,2024-04-17,2024-05-21,,34
12,12,222,2,2024-04-18,2024-07-17,,90
12,12,235,4,2024-04-17,2024-07-08,,82
12,12,254,1,2024-04-20,2024-07-03,,74
12,12,169,2,2024-04-29,2024-06-20,,52
12,12,121,5,2024-04-29,2024-06-19,,51
13,13,209,5,2024-04-17,2024-06-11,,55
13,13,127,1,2024-05-04,2024-07-17,,74
13,13,88,4,2024-04-18,2024-07-13,,86
14,14,75,5,2024-05-03,2024-07-08,,66
14,14,214,1,2024-04-11,2024-06-15,,65
14,14,201,3,2024-05-05,2024-06-05,,31
15,15,142,3,2024-04-16,2024-06-13,,58
15,15,42,4,2024-04-07,2024-05-29,,52
15,15,214,1,2024-04-14,2024-05-14,,30
16,16,174,3,2024-04-07,2024-06-21,,75
16,16,52,5,2024-04-26,2024-06-17,,52
17,17,18,4,2024-05-01,2024-07-13,,73
17,17,54,4,2024-04-23,2024-07-19,,87
17,17,20,5,2024-05-03,2024-07-16,,74
17,17,77,4,2024-04-12,2024-05-22,,40
17,17,4,5,2024-05-05,2024-06-30,,56
18,18,122,5,2024-04-21,2024-06-26,,66
18,18,198,1,2024-04-18,2024-06-29,,72
18,18,257,2,2024-04-11,2024-05-18,,37
19,19,74,5,2024-05-03,2024-06-05,,33
19,19,121,3,2024-04-16,2024-06-01,,46
19,19,139,2,2024-04-28,2024-06-12,,45
19,19,224,5,2024-04-22,2024-07-21,,90
19,19,43,4,2024-04-21,2024-06-14,,54
20,20,158,5,2024-04-13,2024-06-01,,49
20,20,24,2,2024-04-29,2024-06-21,,53
20,20,41,1,2024-04-27,2024-06-14,,48
20,20,258,2,2024-04-21,2024-07-16,,86
21,21,254,4,2024-04-13,2024-06-07,,55
21,21,245,3,2024-04-17,2024-05-19,,32
21,21,107,1,2024-04-19,2024-06-16,,58
21,21,148,3,2024-04-07,2024-07-03,,87
21,21,107,4,2024-04-06,2024-06-23,,78
21,21,33,4,2024-04-17,2024-07-13,,87
22,22,223,1,2024-05-02,2024-07-22,,81
22,22,212,3,2024-04-19,2024-06-01,,43
22,22,211,5,2024-04-11,2024-06-17,,67
22,22,219,3,2024-05-01,2024-07-19,,79
22,22,191,3,2024-04-14,2024-06-18,,65
22,22,249,5,2024-04-15,2024-07-04,,80
22,22,66,3,2024-04-08,2024-06-14,,67
23,23,36,1,2024-04-16,2024-07-12,,87
23,23,217,2,2024-05-02,2024-06-03,,32
23,23,230,2,2024-04-21,2024-07-14,,84
23,23,190,4,2024-04-13,2024-05-25,,42
23,23,169,1,2024-05-01,2024-06-28,,58
24,24,217,5,2024-04-13,2024-06-23,,71
24,24,75,1,2024-04-19,2024-06-25,,67
24,24,161,4,2024-04-19,2024-07-14,,86
24,24,40,3,2024-05-02,2024-06-26,,55
25,25,112,1,2024-04-28,2024-06-03,,36
25,25,148,5,2024-04-30,2024-07-27,,88
25,25,190,3,2024-04-13,2024-06-04,,52
25,25,144,2,2024-04-10,2024-06-18,,69
26,26,101,4,2024-04-08,2024-06-27,,80
26,26,105,5,2024-04-11,2024-05-12,,31
26,26,243,1,2024-04-24,2024-06-05,,42
27,27,58,3,2024-04-09,2024-05-28,,49
27,27,58,3,2024-04-07,2024-05-30,,53
27,27,62,2,2024-04-09,2024-06-27,,79
27,27,97,4,2024-04-07,2024-06-08,,62
27,27,257,4,2024-04-11,2024-07-09,,89
28,28,232,1,2024-04-24,2024-07-22,,89
28,28,186,1,2024-04-13,2024-06-19,,67
28,28,145,4,2024-04-10,2024-06-15,,66
28,28,111,5,2024-04-14,2024-06-01,,48
28,28,112,1,2024-04-21,2024-06-21,,61
29,29,79,4,2024-04-15,2024-05-18,,33
29,29,254,3,2024-04-18,2024-06-28,,71
30,30,101,5,2024-04-11,2024-05-30,,49
30,30,118,1,2024-04-29,2024-07-04,,66
31,31,66,1,2024-04-12,2024-06-16,,65
31,31,149,3,2024-04-06,2024-06-14,,69
31,31,253,4,2024-04-15,2024-07-14,,90
31,31,123,2,2024-04-08,2024-06-09,,62
31,31,126,2,2024-04-22,2024-06-15,,54
31,31,81,2,2024-04-13,2024-06-19,,67
31,31,201,5,2024-04-10,2024-06-17,,68
31,31,52,2,2024-04-30,2024-07-17,,78
31,31,41,5,2024-05-05,2024-06-22,,48
32,32,251,3,2024-04-25,2024-06-25,,61
32,32,112,2,2024-04-11,2024-06-21,,71
32,32,245,2,2024-04-30,2024-06-26,,57
33,33,165,1,2024-04-11,2024-06-27,,77
33,33,217,4,2024-05-03,2024-06-22,,50
33,33,122,2,2024-04-29,2024-06-03,,35
33,33,222,3,2024-04-11,2024-06-28,,78
33,33,200,2,2024-05-02,2024-06-07,,36
33,33,248,2,2024-04-29,2024-06-03,,35
34,34,72,5,2024-04-17,2024-05-18,,31
34,34,154,1,2024-05-01,2024-06-28,,58
34,34,18,5,2024-04-06,2024-06-20,,75
34,34,145,5,2024-04-10,2024-06-17,,68
34,34,33,4,2024-05-04,2024-07-29,,86
34,34,31,3,2024-04-29,2024-06-21,,53
34,34,120,2,2024-05-05,2024-06-07,,33
34,34,120,2,2024-04-22,2024-06-23,,62
34,34,81,3,2024-05-01,2024-07-11,,71
35,35,73,3,2024-04-30,2024-07-14,,75
35,35,126,3,2024-04-08,2024-05-09,,31
35,35,94,3,2024-04-16,2024-07-14,,89
35,35,33,5,2024-04-29,2024-07-15,,77
35,35,249,5,2024-05-05,2024-07-18,,74
35,35,20,1,2024-04-20,2024-07-07,,78
35,35,212,1,2024-04-30,2024-07-23,,84
35,35,209,4,2024-04-18,2024-06-05,,48
35,35,18,3,2024-04-14,2024-06-10,,57
35,35,4,2,2024-04-11,2024-06-05,,55
36,36,257,4,2024-04-13,2024-06-21,,69
36,36,88,4,2024-04-14,2024-06-14,,61
36,36,198,4,2024-04-09,2024-06-10,,62
36,36,82,2,2024-04-20,2024-06-01,,42
36,36,161,5,2024-04-20,2024-05-22,,32
37,37,41,1,2024-05-03,2024-06-28,,56
37,37,262,5,2024-04-09,2024-07-05,,87
37,37,89,4,2024-05-01,2024-06-07,,37
37,37,224,3,2024-04-18,2024-07-10,,83
37,37,73,2,2024-04-14,2024-06-09,,56
38,38,111,1,2024-04-15,2024-05-21,,36
38,38,257,3,2024-04-07,2024-05-14,,37
39,39,33,4,2024-05-02,2024-07-16,,75
39,39,42,5,2024-04-13,2024-06-03,,51
39,39,235,3,2024-04-06,2024-05-17,,41
39,39,72,1,2024-04-13,2024-06-23,,71
39,39,24,1,2024-04-18,2024-06-04,,47
40,40,79,2,2024-05-03,2024-06-19,,47
40,40,169,5,2024-05-01,2024-06-20,,50
41,41,126,2,2024-04-25,2024-05-30,,35
41,41,43,2,2024-04-15,2024-05-24,,39
41,41,198,5,2024-04-21,2024-06-16,,56
41,41,42,2,2024-04-26,2024-06-17,,52
41,41,74,4,2024-05-01,2024-07-02,,62
42,42,66,2,2024-05-01,2024-07-26,,86
42,42,36,2,2024-05-02,2024-06-07,,36
42,42,201,1,2024-05-03,2024-07-23,,81
42,42,89,2,2024-04-30,2024-07-04,,65
42,42,58,1,2024-04-07,2024-06-27,,81
42,42,142,3,2024-04-13,2024-06-14,,62
43,43,65,1,2024-04-27,2024-06-21,,55
43,43,54,4,2024-04-29,2024-07-25,,87
43,43,191,4,2024-05-01,2024-07-13,,73
43,43,232,1,2024-05-02,2024-06-17,,46
44,44,211,1,2024-04-19,2024-05-21,,32
44,44,143,2,2024-04-21,2024-06-01,,41
44,44,143,3,2024-05-05,2024-06-09,,35
44,44,243,1,2024-04-10,2024-06-07,,58
44,44,82,2,2024-04-25,2024-07-15,,81
45,45,18,4,2024-05-05,2024-06-26,,52
45,45,111,3,2024-04-10,2024-05-20,,40
45,45,40,4,2024-04-09,2024-07-07,,89
45,45,33,3,2024-04-15,2024-05-31,,46
45,45,242,1,2024-04-30,2024-07-13,,74
46,46,165,1,2024-04-18,2024-06-27,,70
46,46,190,5,2024-04-11,2024-06-30,,80
46,46,186,5,2024-04-15,2024-06-12,,58
46,46,78,1,2024-04-12,2024-06-18,,67
46,46,224,1,2024-05-03,2024-07-08,,66
46,46,81,5,2024-04-10,2024-05-16,,36
47,47,245,1,2024-04-08,2024-06-12,,65
48,48,49,2,2024-04-19,2024-06-30,,72
48,48,133,5,2024-04-12,2024-07-06,,85
48,48,126,2,2024-04-13,2024-06-05,,53
48,48,65,4,2024-05-01,2024-06-16,,46
48,48,220,5,2024-04-20,2024-06-08,,49
48,48,165,2,2024-05-03,2024-06-25,,53
48,48,84,5,2024-04-17,2024-07-08,,82
49,49,147,1,2024-05-05,2024-07-06,,62
49,49,262,4,2024-04-20,2024-06-25,,66
49,49,4,1,2024-04-21,2024-07-01,,71
49,49,191,3,2024-04-29,2024-07-11,,73
50,50,36,5,2024-04-21,2024-06-26,,66
50,50,211,2,2024-04-26,2024-06-08,,43
50,50,209,3,2024-05-01,2024-06-16,,46
50,50,103,5,2024-04-19,2024-07-04,,76
51,51,206,2,2024-05-04,2024-06-12,,39
51,51,144,4,2024-04-29,2024-06-20,,52
51,51,24,1,2024-04-21,2024-05-27,,36
51,51,165,2,2024-04-29,2024-06-29,,61
51,51,78,1,2024-04-29,2024-07-11,,73
51,51,66,1,2024-04-26,2024-07-14,,79
51,51,236,3,2024-04-22,2024-07-09,,78
52,52,212,4,2024-05-05,2024-07-09,,65
52,52,206,1,2024-04-12,2024-06-17,,66
52,52,49,4,2024-04-15,2024-05-23,,38
52,52,107,4,2024-05-05,2024-07-10,,66
52,52,70,5,2024-05-04,2024-07-05,,62
52,52,82,1,2024-04-28,2024-07-12,,75
52,52,79,5,2024-04-08,2024-06-14,,67
53,53,81,4,2024-04-28,2024-06-12,,45
54,54,169,4,2024-04-10,2024-06-03,,54
54,54,65,2,2024-04-26,2024-06-16,,51
54,54,87,4,2024-04-07,2024-07-01,,85
54,54,125,3,2024-04-25,2024-07-04,,70
55,55,76,2,2024-04-16,2024-05-21,,35
55,55,255,2,2024-04-11,2024-05-16,,35
55,55,33,2,2024-04-26,2024-06-10,,45
55,55,212,2,2024-04-19,2024-06-28,,70
56,56,245,3,2024-04-19,2024-06-04,,46
56,56,112,1,2024-05-05,2024-07-21,,77
57,57,62,3,2024-04-29,2024-05-31,,32
57,57,14,4,2024-04-15,2024-05-28,,43
57,57,84,3,2024-04-17,2024-06-09,,53
57,57,165,5,2024-05-03,2024-06-23,,51
57,57,262,4,2024-04-26,2024-06-04,,39
58,58,66,5,2024-04-18,2024-06-23,,66
58,58,88,2,2024-04-13,2024-05-17,,34
59,59,79,5,2024-04-18,2024-06-27,,70
59,59,84,1,2024-04-23,2024-06-26,,64
59,59,149,4,2024-04-06,2024-07-01,,86
59,59,244,2,2024-04-27,2024-06-03,,37
59,59,261,3,2024-04-25,2024-07-21,,87
59,59,139,5,2024-04-18,2024-06-02,,45
59,59,16,3,2024-04-09,2024-05-11,,32
59,59,65,2,2024-04-20,2024-06-20,,61
59,59,201,1,2024-04-13,2024-06-22,,70
60,60,101,5,2024-04-16,2024-05-22,,36
60,60,4,3,2024-04-17,2024-06-29,,73
60,60,126,1,2024-05-05,2024-08-03,,90
60,60,4,4,2024-05-01,2024-06-30,,60
60,60,43,5,2024-04-25,2024-06-18,,54
60,60,236,2,2024-04-13,2024-06-29,,77
60,60,70,3,2024-04-09,2024-07-05,,87
61,61,34,2,2024-04-14,2024-06-22,,69
61,61,248,3,2024-04-11,2024-05-23,,42
61,61,114,2,2024-04-09,2024-06-25,,77
62,62,223,2,2024-05-02,2024-07-17,,76
62,62,14,1,2024-04-11,2024-07-03,,83
62,62,112,5,2024-04-21,2024-06-09,,49
62,62,41,5,2024-04-29,2024-07-06,,68
62,62,43,2,2024-04-23,2024-07-19,,87
62,62,114,1,2024-05-04,2024-06-13,,40
62,62,20,2,2024-05-02,2024-06-21,,50
63,63,42,1,2024-04-17,2024-06-17,,61
63,63,37,1,2024-04-15,2024-06-04,,50
63,63,78,1,2024-04-06,2024-06-13,,68
63,63,102,1,2024-04-18,2024-06-24,,67
64,64,235,5,2024-04-17,2024-06-23,,67
64,64,77,5,2024-04-22,2024-06-29,,68
65,65,258,3,2024-04-10,2024-06-04,,55
65,65,231,3,2024-04-08,2024-05-23,,45
65,65,251,5,2024-04-19,2024-07-01,,73
65,65,257,4,2024-04-16,2024-07-08,,83
65,65,217,4,2024-04-27,2024-06-04,,38
65,65,79,1,2024-04-23,2024-06-28,,66
65,65,62,1,2024-04-22,2024-07-17,,86
65,65,230,3,2024-04-15,2024-06-06,,52
65,65,75,2,2024-04-19,2024-06-18,,60
66,66,36,5,2024-04-07,2024-05-20,,43
66,66,79,1,2024-04-14,2024-06-27,,74
67,67,73,2,2024-04-07,2024-05-13,,36
67,67,190,5,2024-04-10,2024-06-18,,69
67,67,243,4,2024-04-23,2024-06-23,,61
67,67,262,1,2024-04-15,2024-06-17,,63
68,68,73,5,2024-05-03,2024-06-18,,46
68,68,101,1,2024-04-29,2024-06-29,,61
68,68,37,3,2024-04-19,2024-06-03,,45
68,68,244,4,2024-04-20,2024-06-07,,48
69,69,234,1,2024-04-19,2024-06-11,,53
69,69,188,4,2024-04-23,2024-06-29,,67
69,69,111,4,2024-05-02,2024-06-22,,51
69,69,127,3,2024-04-06,2024-06-25,,80
69,69,255,3,2024-04-26,2024-05-28,,32
70,70,224,5,2024-04-06,2024-07-01,,86
70,70,102,1,2024-05-03,2024-07-12,,70
70,70,14,3,2024-04-29,2024-07-12,,74
70,70,249,2,2024-04-15,2024-05-27,,42
70,70,42,3,2024-04-15,2024-07-14,,90
71,71,191,1,2024-04-14,2024-05-15,,31
71,71,139,2,2024-04-08,2024-06-08,,61
71,71,174,1,2024-04-25,2024-06-09,,45
71,71,161,5,2024-04-21,2024-06-06,,46
71,71,49,4,2024-04-16,2024-05-18,,32
71,71,34,4,2024-04-24,2024-07-17,,84
72,72,248,5,2024-05-04,2024-07-28,,85
72,72,232,4,2024-04-10,2024-06-07,,58
73,73,102,1,2024-04-12,2024-06-08,,57
73,73,236,5,2024-04-06,2024-06-05,,60
73,73,158,3,2024-04-16,2024-06-10,,55
74,74,122,1,2024-04-16,2024-05-20,,34
74,74,4,2,2024-04-28,2024-06-01,,34
74,74,118,1,2024-04-26,2024-07-19,,84
75,75,255,5,2024-05-05,2024-07-28,,84
75,75,4,4,2024-04-27,2024-06-07,,41
76,76,120,3,2024-04-25,2024-07-23,,89
76,76,114,5,2024-04-15,2024-05-21,,36
76,76,191,4,2024-04-11,2024-07-08,,88
76,76,239,5,2024-04-23,2024-06-05,,43
77,77,79,3,2024-04-11,2024-05-26,,45
77,77,224,3,2024-04-20,2024-07-02,,73
77,77,222,1,2024-04-10,2024-05-23,,43
78,78,101,5,2024-04-28,2024-06-20,,53
78,78,31,5,2024-04-23,2024-07-07,,75
78,78,33,3,2024-04-19,2024-06-30,,72
79,79,249,2,2024-04-19,2024-06-13,,55
79,79,174,5,2024-04-06,2024-06-28,,83
79,79,77,5,2024-04-15,2024-06-07,,53
80,80,34,2,2024-04-13,2024-05-16,,33
80,80,197,5,2024-04-15,2024-06-03,,49
81,81,37,2,2024-04-20,2024-07-16,,87
82,82,230,4,2024-04-24,2024-06-15,,52
82,82,147,4,2024-05-04,2024-06-24,,51
82,82,154,2,2024-04-16,2024-06-07,,52
82,82,251,1,2024-05-01,2024-06-05,,35
83,83,163,3,2024-04-09,2024-05-11,,32
83,83,41,5,2024-05-01,2024-06-01,,31
84,84,149,3,2024-04-20,2024-07-04,,75
84,84,143,3,2024-04-09,2024-06-23,,75
84,84,261,1,2024-04-09,2024-05-19,,40
85,85,75,1,2024-04-07,2024-05-10,,33
85,85,54,5,2024-04-16,2024-06-22,,67
85,85,31,2,2024-04-24,2024-06-21,,58
86,86,41,2,2024-04-08,2024-06-10,,63
86,86,232,1,2024-04-07,2024-06-21,,75
86,86,112,1,2024-04-27,2024-06-07,,41
86,86,121,3,2024-05-03,2024-06-15,,43
86,86,212,2,2024-04-30,2024-06-23,,54
87,87,200,5,2024-05-04,2024-06-09,,36
87,87,14,3,2024-04-13,2024-06-02,,50
87,87,144,4,2024-04-16,2024-06-19,,64
87,87,105,3,2024-04-18,2024-06-22,,65
87,87,247,2,2024-05-03,2024-06-28,,56
88,88,212,2,2024-04-23,2024-06-20,,58
88,88,186,3,2024-04-06,2024-06-07,,62
88,88,102,1,2024-04-23,2024-06-16,,54
89,89,31,1,2024-04-25,2024-06-16,,52
89,89,65,1,2024-04-29,2024-06-20,,52
90,90,81,4,2024-04-20,2024-07-04,,75
90,90,255,3,2024-04-22,2024-07-04,,73
90,90,258,5,2024-04-23,2024-07-02,,70
91,91,148,5,2024-04-16,2024-06-22,,67
91,91,253,1,2024-04-17,2024-07-12,,86
91,91,169,3,2024-04-12,2024-07-05,,84
92,92,188,3,2024-05-02,2024-07-19,,78
92,92,185,1,2024-04-19,2024-06-03,,45
92,92,103,1,2024-05-02,2024-06-05,,34
92,92,245,1,2024-04-16,2024-06-18,,63
92,92,89,5,2024-04-08,2024-06-09,,62
93,93,134,4,2024-04-07,2024-06-06,,60
93,93,105,2,2024-04-19,2024-06-03,,45
94,94,73,1,2024-04-15,2024-06-20,,66
94,94,190,2,2024-04-22,2024-07-05,,74
94,94,186,1,2024-04-25,2024-06-16,,52
94,94,24,1,2024-04-27,2024-06-11,,45
95,95,148,4,2024-04-25,2024-07-02,,68
95,95,120,4,2024-05-05,2024-06-14,,40
95,95,158,4,2024-04-12,2024-06-23,,72
95,95,33,5,2024-05-05,2024-06-24,,50
95,95,159,4,2024-04-21,2024-06-18,,58
95,95,76,4,2024-04-07,2024-05-11,,34
95,95,209,3,2024-04-30,2024-06-12,,43
96,96,16,5,2024-04-25,2024-07-13,,79
96,96,78,4,2024-04-28,2024-06-08,,41
97,97,244,3,2024-04-25,2024-06-19,,55
97,97,126,1,2024-05-04,2024-08-01,,89
97,97,78,4,2024-04-11,2024-06-04,,54
97,97,125,1,2024-04-27,2024-07-04,,68
97,97,209,1,2024-04-18,2024-07-14,,87
97,97,232,1,2024-04-17,2024-05-23,,36
97,97,112,2,2024-04-23,2024-05-28,,35
97,97,142,1,2024-04-22,2024-07-01,,70
97,97,248,3,2024-05-02,2024-06-17,,46
98,98,94,1,2024-04-10,2024-06-06,,57
98,98,231,5,2024-05-03,2024-07-24,,82
98,98,253,4,2024-04-07,2024-06-18,,72
99,99,82,3,2024-05-02,2024-06-08,,37
99,99,4,1,2024-05-05,2024-07-01,,57
99,99,142,2,2024-04-10,2024-05-18,,38
99,99,257,2,2024-04-15,2024-07-09,,85
99,99,144,5,2024-04-30,2024-07-19,,80
100,100,94,3,2024-04-30,2024-07-13,,74
100,100,232,4,2024-04-12,2024-07-05,,84
101,101,63,5,2024-05-02,2024-06-25,,54
101,101,142,3,2024-05-03,2024-07-14,,72
101,101,109,5,2024-05-02,2024-06-08,,37
102,102,111,3,2024-05-03,2024-07-02,,60
102,102,234,2,2024-05-01,2024-07-15,,75
103,103,236,2,2024-04-27,2024-05-29,,32
103,103,62,5,2024-04-30,2024-07-29,,90
103,103,186,4,2024-04-21,2024-05-26,,35
103,103,111,5,2024-04-23,2024-06-03,,41
103,103,126,3,2024-04-25,2024-05-26,,31
103,103,122,2,2024-04-11,2024-06-18,,68
103,103,258,2,2024-04-29,2024-06-04,,36
103,103,197,4,2024-05-04,2024-06-09,,36
104,104,114,1,2024-04-11,2024-06-13,,63
104,104,16,1,2024-04-10,2024-06-09,,60
104,104,154,2,2024-04-07,2024-05-17,,40
104,104,4,5,2024-04-26,2024-06-08,,43
105,105,212,4,2024-04-08,2024-06-21,,74
105,105,169,3,2024-04-09,2024-06-16,,68
105,105,133,4,2024-04-13,2024-06-12,,60
105,105,239,1,2024-04-16,2024-07-05,,80
105,105,234,5,2024-04-13,2024-06-18,,66
105,105,143,2,2024-04-21,2024-06-15,,55
105,105,73,1,2024-04-13,2024-05-31,,48
106,106,125,3,2024-05-05,2024-07-21,,77
106,106,255,2,2024-04-21,2024-06-06,,46
106,106,142,3,2024-04-15,2024-07-02,,78
106,106,41,4,2024-04-27,2024-07-26,,90
107,107,122,3,2024-05-02,2024-06-03,,32
107,107,209,2,2024-04-22,2024-07-20,,89
108,108,90,2,2024-04-14,2024-07-06,,83
108,108,253,5,2024-04-20,2024-06-15,,56
109,109,123,1,2024-04-17,2024-05-23,,36
109,109,89,2,2024-04-08,2024-05-12,,34
109,109,75,2,2024-05-02,2024-06-11,,40
109,109,188,1,2024-04-15,2024-06-03,,49
109,109,120,4,2024-04-16,2024-06-10,,55
109,109,16,3,2024-04-15,2024-07-08,,84
109,109,207,4,2024-04-20,2024-07-14,,85
110,110,66,2,2024-04-07,2024-05-08,,31
110,110,134,1,2024-04-17,2024-06-05,,49
110,110,62,4,2024-04-08,2024-05-30,,52
110,110,147,5,2024-04-08,2024-06-24,,77
111,111,234,2,2024-04-11,2024-05-20,,39
111,111,209,1,2024-04-06,2024-07-02,,87
111,111,161,3,2024-04-15,2024-05-15,,30
111,111,219,2,2024-04-16,2024-07-13,,88
111,111,190,5,2024-04-07,2024-05-15,,38
111,111,81,1,2024-04-06,2024-06-23,,78
111,111,62,4,2024-04-19,2024-07-03,,75
112,112,79,3,2024-04-24,2024-07-12,,79
112,112,248,1,2024-05-01,2024-07-29,,89
112,112,77,4,2024-04-22,2024-06-26,,65
112,112,147,3,2024-04-09,2024-05-28,,49
113,113,122,4,2024-04-10,2024-05-13,,33
113,113,82,1,2024-04-29,2024-07-05,,67
113,113,111,3,2024-04-27,2024-07-09,,73
114,114,245,4,2024-04-08,2024-06-16,,69
114,114,186,5,2024-04-22,2024-06-03,,42
114,114,101,2,2024-04-28,2024-06-05,,38
114,114,232,5,2024-04-12,2024-07-03,,82
114,114,209,1,2024-04-15,2024-06-04,,50
114,114,163,1,2024-05-04,2024-06-19,,46
114,114,107,4,2024-04-10,2024-06-14,,65
114,114,242,1,2024-04-23,2024-05-25,,32
115,115,222,1,2024-04-23,2024-07-07,,75
115,115,10,4,2024-04-07,2024-06-27,,81
115,115,243,4,2024-04-17,2024-05-30,,43
116,116,147,5,2024-04-22,2024-06-29,,68
116,116,87,3,2024-04-21,2024-05-22,,31
117,117,161,1,2024-04-11,2024-05-28,,47
117,117,73,2,2024-05-03,2024-06-16,,44
117,117,58,2,2024-04-28,2024-06-11,,44
117,117,249,4,2024-04-19,2024-07-09,,81
117,117,16,3,2024-04-14,2024-05-26,,42
117,117,112,4,2024-05-02,2024-06-09,,38
117,117,33,2,2024-04-19,2024-05-24,,35
118,118,223,2,2024-04-20,2024-07-05,,76
118,118,24,1,2024-05-04,2024-07-15,,72
118,118,157,2,2024-04-29,2024-07-21,,83
118,118,248,2,2024-04-13,2024-06-19,,67
118,118,261,3,2024-04-22,2024-05-22,,30
119,119,231,2,2024-04-08,2024-05-19,,41
119,119,223,4,2024-04-18,2024-06-06,,49
119,119,244,3,2024-04-16,2024-06-03,,48
119,119,94,3,2024-04-07,2024-06-21,,75
119,119,84,2,2024-04-17,2024-07-09,,83
119,119,71,5,2024-04-26,2024-07-05,,70
119,119,111,2,2024-04-25,2024-06-13,,49
120,120,248,3,2024-05-03,2024-06-24,,52
120,120,73,3,2024-04-24,2024-07-06,,73
120,120,190,5,2024-05-02,2024-06-10,,39
120,120,186,3,2024-04-10,2024-06-24,,75
120,120,149,3,2024-04-07,2024-06-06,,60
120,120,239,4,2024-04-27,2024-07-03,,67
120,120,186,1,2024-04-28,2024-06-17,,50
121,121,127,2,2024-04-28,2024-07-26,,89
121,121,224,1,2024-05-04,2024-07-18,,75
121,121,190,1,2024-04-30,2024-05-31,,31
121,121,144,2,2024-04-14,2024-07-10,,87
122,122,14,3,2024-04-29,2024-06-11,,43
122,122,10,2,2024-04-13,2024-06-14,,62
122,122,24,1,2024-04-17,2024-06-18,,62
122,122,54,3,2024-04-09,2024-06-09,,61
122,122,186,5,2024-04-22,2024-06-19,,58
123,123,41,3,2024-04-25,2024-07-18,,84
123,123,42,1,2024-04-20,2024-06-02,,43
123,123,185,3,2024-04-18,2024-05-19,,31
123,123,65,5,2024-04-16,2024-05-20,,34
123,123,261,5,2024-04-27,2024-07-03,,67
123,123,118,1,2024-04-12,2024-06-08,,57
123,123,24,5,2024-04-20,2024-07-18,,89
124,124,73,3,2024-05-02,2024-07-05,,64
124,124,37,5,2024-04-17,2024-05-19,,32
124,124,24,5,2024-04-11,2024-05-22,,41
125,125,18,5,2024-04-16,2024-05-16,,30
125,125,224,2,2024-04-26,2024-07-25,,90
125,125,76,1,2024-04-13,2024-06-02,,50
125,125,88,5,2024-04-30,2024-06-30,,61
126,126,147,1,2024-04-10,2024-06-21,,72
126,126,103,2,2024-04-06,2024-05-09,,33
126,126,214,4,2024-05-01,2024-06-04,,34
126,126,234,2,2024-04-15,2024-05-19,,34
127,127,66,1,2024-04-07,2024-05-30,,53
127,127,66,4,2024-05-04,2024-07-01,,58
127,127,31,4,2024-04-07,2024-05-31,,54
127,127,33,2,2024-04-22,2024-05-23,,31
127,127,52,5,2024-04-20,2024-07-07,,78
127,127,222,4,2024-05-03,2024-07-27,,85
127,127,251,1,2024-05-02,2024-06-07,,36
127,127,70,2,2024-04-14,2024-05-25,,41
128,128,107,5,2024-04-16,2024-06-27,,72
128,128,107,3,2024-04-07,2024-06-13,,67
128,128,42,5,2024-04-11,2024-06-26,,76
129,129,94,3,2024-04-06,2024-05-23,,47
130,130,36,2,2024-04-16,2024-06-03,,48
130,130,41,4,2024-04-10,2024-06-24,,75
130,130,82,2,2024-04-07,2024-06-08,,62
130,130,76,3,2024-04-13,2024-06-11,,59
131,131,82,2,2024-04-19,2024-05-20,,31
131,131,78,3,2024-04-11,2024-05-27,,46
131,131,73,5,2024-04-27,2024-07-18,,82
131,131,36,5,2024-04-16,2024-07-12,,87
131,131,72,5,2024-04-08,2024-05-10,,32
131,131,200,3,2024-04-25,2024-07-16,,82
131,131,123,3,2024-04-22,2024-07-16,,85
132,132,88,1,2024-04-29,2024-07-05,,67
132,132,112,4,2024-05-03,2024-06-02,,30
132,132,232,2,2024-04-30,2024-06-07,,38
133,133,169,1,2024-04-24,2024-06-15,,52
133,133,242,2,2024-04-16,2024-06-03,,48
133,133,254,1,2024-05-02,2024-07-24,,83
133,133,142,4,2024-05-03,2024-07-26,,84
134,134,82,5,2024-05-03,2024-07-09,,67
134,134,122,4,2024-04-17,2024-06-21,,65
134,134,41,3,2024-04-26,2024-06-22,,57
134,134,249,2,2024-05-05,2024-06-05,,31
134,134,134,2,2024-05-04,2024-06-29,,56
134,134,31,3,2024-04-26,2024-07-08,,73
134,134,42,2,2024-04-12,2024-06-13,,62
134,134,147,5,2024-04-21,2024-07-18,,88
135,135,149,4,2024-04-20,2024-07-01,,72
135,135,201,2,2024-04-09,2024-06-08,,60
135,135,231,2,2024-04-14,2024-06-14,,61
135,135,244,2,2024-04-21,2024-06-10,,50
135,135,169,4,2024-04-06,2024-05-25,,49
136,136,134,2,2024-04-07,2024-05-31,,54
136,136,232,2,2024-04-15,2024-07-01,,77
136,136,62,3,2024-05-01,2024-07-15,,75
137,137,209,4,2024-04-07,2024-05-28,,51
137,137,126,2,2024-04-24,2024-07-13,,80
137,137,126,4,2024-04-06,2024-06-05,,60
137,137,90,3,2024-04-20,2024-06-07,,48
138,138,191,4,2024-04-20,2024-05-30,,40
138,138,157,2,2024-04-22,2024-06-18,,57
139,139,159,3,2024-04-26,2024-06-11,,46
139,139,197,3,2024-04-29,2024-07-19,,81
139,139,161,2,2024-04-30,2024-07-22,,83
139,139,147,3,2024-04-08,2024-05-17,,39
139,139,33,5,2024-05-03,2024-06-07,,35
139,139,33,5,2024-05-03,2024-06-07,,35
140,140,111,4,2024-05-01,2024-06-02,,32
140,140,111,5,2024-04-08,2024-05-23,,45
140,140,10,2,2024-04-07,2024-07-05,,89
140,140,63,3,2024-05-01,2024-06-06,,36
140,140,103,1,2024-05-01,2024-07-16,,76
140,140,49,3,2024-04-23,2024-07-12,,80
140,140,159,5,2024-04-13,2024-06-20,,68
141,141,102,2,2024-04-06,2024-05-12,,36
141,141,234,1,2024-04-14,2024-07-07,,84
141,141,102,1,2024-04-24,2024-07-12,,79
142,142,223,5,2024-04-17,2024-06-05,,49
142,142,66,2,2024-04-08,2024-06-03,,56
142,142,147,1,2024-04-11,2024-07-09,,89
142,142,37,3,2024-04-12,2024-06-01,,50
142,142,105,4,2024-05-05,2024-07-02,,58
142,142,153,3,2024-04-07,2024-05-19,,42
142,142,74,2,2024-04-10,2024-06-08,,59
142,142,242,2,2024-04-07,2024-05-10,,33
142,142,224,1,2024-04-25,2024-06-18,,54
143,143,78,2,2024-04-07,2024-06-08,,62
143,143,73,5,2024-05-05,2024-07-22,,78
143,143,18,3,2024-04-20,2024-06-04,,45
144,144,143,3,2024-04-30,2024-07-17,,78
145,145,10,1,2024-05-01,2024-07-04,,64
145,145,257,5,2024-04-30,2024-06-30,,61
145,145,254,2,2024-04-30,2024-06-18,,49
145,145,97,5,2024-04-12,2024-05-21,,39
145,145,142,3,2024-04-11,2024-06-03,,53
145,145,231,4,2024-04-07,2024-05-09,,32
145,145,121,5,2024-04-12,2024-06-03,,52
145,145,120,4,2024-04-07,2024-06-16,,70
145,145,87,5,2024-04-29,2024-06-25,,57
145,145,77,4,2024-04-29,2024-07-06,,68
146,146,73,5,2024-05-02,2024-06-07,,36
147,147,232,5,2024-04-12,2024-05-31,,49
147,147,239,4,2024-04-19,2024-05-22,,33
147,147,71,4,2024-04-08,2024-05-28,,50
147,147,24,3,2024-04-15,2024-06-10,,56
147,147,201,2,2024-04-20,2024-06-30,,71
147,147,58,1,2024-04-23,2024-07-12,,80
148,148,178,2,2024-05-01,2024-07-27,,87
148,148,75,3,2024-04-17,2024-06-28,,72
148,148,89,2,2024-04-12,2024-06-03,,52
148,148,78,5,2024-04-28,2024-07-14,,77
148,148,262,3,2024-04-20,2024-06-28,,69
149,149,217,2,2024-04-30,2024-07-21,,82
149,149,122,5,2024-04-19,2024-05-20,,31
149,149,127,4,2024-04-29,2024-06-28,,60
149,149,232,2,2024-04-06,2024-07-05,,90
149,149,34,2,2024-04-18,2024-06-02,,45
150,150,198,5,2024-04-26,2024-06-29,,64
150,150,142,1,2024-04-18,2024-06-27,,70
150,150,235,3,2024-04-24,2024-07-17,,84
150,150,36,2,2024-04-16,2024-07-12,,87
151,151,20,3,2024-04-20,2024-06-08,,49
151,151,144,3,2024-04-10,2024-05-23,,43
151,151,87,1,2024-04-23,2024-06-08,,46
151,151,78,4,2024-04-15,2024-06-07,,53
151,151,197,3,2024-04-19,2024-07-07,,79
151,151,200,1,2024-04-22,2024-06-29,,68
151,151,258,1,2024-04-27,2024-06-23,,57
152,152,16,1,2024-05-03,2024-07-23,,81
152,152,161,3,2024-04-15,2024-06-21,,67
152,152,231,4,2024-05-02,2024-06-27,,56
152,152,123,3,2024-04-20,2024-07-01,,72
153,153,257,4,2024-04-15,2024-07-14,,90
153,153,212,1,2024-05-04,2024-07-14,,71
153,153,190,2,2024-04-11,2024-05-14,,33
153,153,153,3,2024-04-23,2024-06-12,,50
153,153,79,2,2024-05-01,2024-06-07,,37
153,153,73,4,2024-04-16,2024-05-21,,35
153,153,248,5,2024-04-06,2024-05-10,,34
153,153,118,4,2024-04-16,2024-06-04,,49
154,154,223,2,2024-04-10,2024-06-02,,53
154,154,111,4,2024-04-24,2024-07-12,,79
154,154,232,4,2024-04-07,2024-06-12,,66
155,155,239,2,2024-04-10,2024-06-18,,69
155,155,37,3,2024-05-04,2024-06-28,,55
155,155,157,2,2024-04-08,2024-06-11,,64
155,155,34,3,2024-04-27,2024-06-15,,49
156,156,36,3,2024-04-23,2024-06-04,,42
156,156,178,3,2024-04-14,2024-07-04,,81
156,156,242,2,2024-05-03,2024-07-12,,70
156,156,118,1,2024-04-23,2024-06-11,,49
157,157,114,1,2024-04-13,2024-05-29,,46
157,157,20,5,2024-05-03,2024-07-22,,80
157,157,198,4,2024-04-19,2024-05-21,,32
157,157,94,2,2024-05-01,2024-07-05,,65
158,158,188,3,2024-04-21,2024-06-13,,53
158,158,159,4,2024-05-04,2024-06-30,,57
158,158,87,3,2024-04-17,2024-07-04,,78
158,158,20,2,2024-04-18,2024-06-15,,58
158,158,231,3,2024-05-05,2024-06-15,,41
159,159,111,4,2024-04-20,2024-06-23,,64
159,159,84,1,2024-04-07,2024-05-07,,30
159,159,36,2,2024-05-03,2024-06-07,,35
159,159,73,2,2024-04-23,2024-07-03,,71
159,159,214,4,2024-04-10,2024-07-06,,87
159,159,161,4,2024-04-20,2024-07-19,,90
159,159,242,4,2024-04-10,2024-06-07,,58
160,160,222,1,2024-04-26,2024-06-03,,38
160,160,232,2,2024-04-10,2024-05-10,,30
160,160,248,1,2024-05-04,2024-07-05,,62
160,160,35,3,2024-04-22,2024-07-02,,71
160,160,251,4,2024-05-04,2024-07-03,,60
160,160,73,2,2024-04-10,2024-06-04,,55
160,160,209,5,2024-04-09,2024-05-12,,33
160,160,249,5,2024-05-03,2024-06-26,,54
161,161,120,3,2024-04-16,2024-06-17,,62
161,161,186,2,2024-04-13,2024-06-20,,68
161,161,4,1,2024-04-11,2024-05-31,,50
161,161,127,2,2024-04-20,2024-06-13,,54
161,161,257,4,2024-05-01,2024-06-19,,49
161,161,253,3,2024-04-17,2024-07-15,,89
161,161,71,2,2024-04-19,2024-05-26,,37
162,162,251,2,2024-04-12,2024-06-20,,69
162,162,74,3,2024-04-22,2024-07-10,,79
162,162,142,5,2024-04-07,2024-06-10,,64
162,162,185,4,2024-04-15,2024-06-29,,75
162,162,123,1,2024-04-14,2024-05-31,,47
163,163,37,3,2024-04-27,2024-07-01,,65
163,163,220,4,2024-04-15,2024-07-01,,77
164,164,222,1,2024-04-13,2024-05-24,,41
164,164,148,4,2024-04-24,2024-05-28,,34
164,164,143,5,2024-04-15,2024-07-10,,86
164,164,232,4,2024-04-07,2024-07-05,,89
164,164,244,3,2024-04-19,2024-06-23,,65
164,164,34,4,2024-04-09,2024-06-12,,64
164,164,70,5,2024-04-23,2024-06-07,,45
165,165,125,4,2024-04-13,2024-06-30,,78
165,165,66,4,2024-04-14,2024-05-18,,34
165,165,89,5,2024-04-25,2024-06-16,,52
165,165,174,1,2024-04-30,2024-06-29,,60
166,166,126,1,2024-04-26,2024-06-25,,60
166,166,247,1,2024-04-14,2024-06-26,,73
166,166,201,2,2024-04-10,2024-06-19,,70
166,166,42,2,2024-04-09,2024-05-24,,45
166,166,154,3,2024-04-26,2024-05-28,,32
166,166,70,5,2024-04-28,2024-07-02,,65
166,166,234,5,2024-04-26,2024-07-05,,70
167,167,198,2,2024-04-06,2024-06-17,,72
168,168,153,2,2024-04-18,2024-06-06,,49
168,168,74,4,2024-04-07,2024-05-07,,30
169,169,145,1,2024-04-14,2024-07-10,,87
169,169,235,3,2024-04-09,2024-07-07,,89
169,169,97,1,2024-05-04,2024-07-18,,75
169,169,90,3,2024-04-23,2024-06-06,,44
169,169,77,1,2024-04-24,2024-06-26,,63
170,170,200,1,2024-04-16,2024-06-08,,53
170,170,261,1,2024-04-29,2024-06-17,,49
170,170,114,4,2024-04-21,2024-06-04,,44
171,171,82,2,2024-05-05,2024-06-16,,42
171,171,231,1,2024-04-25,2024-07-08,,74
171,171,234,1,2024-04-16,2024-06-25,,70
171,171,77,4,2024-04-15,2024-05-18,,33
171,171,14,1,2024-04-07,2024-06-03,,57
171,171,43,4,2024-04-09,2024-05-14,,35
171,171,112,4,2024-04-25,2024-06-23,,59
172,172,153,3,2024-04-26,2024-06-20,,55
172,172,231,5,2024-04-15,2024-05-18,,33
172,172,191,2,2024-04-07,2024-06-22,,76
172,172,35,4,2024-04-11,2024-06-29,,79
172,172,253,5,2024-04-25,2024-06-01,,37
173,173,4,5,2024-04-16,2024-06-02,,47
173,173,242,1,2024-04-17,2024-07-08,,82
173,173,43,5,2024-04-27,2024-07-22,,86
173,173,35,3,2024-04-27,2024-06-29,,63
173,173,243,1,2024-04-11,2024-07-05,,85
174,174,72,4,2024-04-27,2024-06-15,,49
174,174,33,5,2024-05-05,2024-08-02,,89
174,174,230,2,2024-04-27,2024-07-13,,77
174,174,90,4,2024-05-01,2024-06-03,,33
174,174,70,5,2024-04-06,2024-06-12,,67
174,174,169,1,2024-04-25,2024-06-02,,38
175,175,33,2,2024-04-17,2024-06-14,,58
175,175,222,2,2024-04-27,2024-07-09,,73
175,175,54,5,2024-04-19,2024-05-20,,31
175,175,154,2,2024-05-01,2024-07-01,,61
176,176,190,5,2024-04-21,2024-05-29,,38
176,176,105,1,2024-04-26,2024-06-25,,60
176,176,84,4,2024-05-01,2024-07-29,,89
177,177,134,3,2024-04-17,2024-07-07,,81
177,177,159,2,2024-04-25,2024-06-13,,49
177,177,71,2,2024-04-29,2024-07-20,,82
177,177,217,3,2024-04-24,2024-06-16,,53
177,177,254,5,2024-05-03,2024-06-05,,33
177,177,127,4,2024-04-25,2024-06-02,,38
178,178,126,1,2024-04-11,2024-06-08,,58
178,178,107,5,2024-04-18,2024-06-26,,69
178,178,77,4,2024-04-10,2024-05-26,,46
178,178,239,1,2024-04-13,2024-06-19,,67
178,178,159,4,2024-04-27,2024-07-02,,66
178,178,211,1,2024-04-10,2024-07-08,,89
179,179,200,3,2024-04-22,2024-07-17,,86
179,179,63,4,2024-05-04,2024-07-16,,73
179,179,14,4,2024-04-09,2024-05-28,,49
179,179,174,5,2024-04-29,2024-05-31,,32
179,179,255,5,2024-04-25,2024-06-03,,39
179,179,236,3,2024-04-07,2024-06-26,,80
179,179,191,1,2024-05-02,2024-06-22,,51
180,180,234,2,2024-04-20,2024-05-28,,38
180,180,103,1,2024-04-13,2024-05-13,,30
180,180,142,3,2024-05-04,2024-06-09,,36
180,180,200,2,2024-04-14,2024-06-03,,50
181,181,178,5,2024-04-25,2024-06-12,,48
181,181,118,1,2024-04-17,2024-06-01,,45
182,182,42,4,2024-04-06,2024-05-06,,30
182,182,232,3,2024-04-14,2024-05-27,,43
183,183,16,5,2024-04-18,2024-06-28,,71
183,183,214,5,2024-04-28,2024-06-14,,47
183,183,198,5,2024-04-26,2024-07-08,,73
183,183,41,4,2024-04-30,2024-07-03,,64
183,183,101,4,2024-05-05,2024-06-06,,32
183,183,148,2,2024-04-12,2024-06-06,,55
184,184,118,5,2024-04-30,2024-06-29,,60
184,184,258,5,2024-04-19,2024-06-14,,56
184,184,81,1,2024-05-01,2024-07-15,,75
184,184,121,3,2024-04-20,2024-06-06,,47
184,184,214,4,2024-04-09,2024-05-14,,35
185,185,109,3,2024-04-06,2024-07-04,,89
186,186,248,4,2024-04-21,2024-06-16,,56
187,187,197,4,2024-04-13,2024-07-04,,82
187,187,10,1,2024-04-19,2024-06-17,,59
187,187,185,3,2024-04-14,2024-06-19,,66
188,188,245,3,2024-04-18,2024-05-23,,35
188,188,244,3,2024-04-19,2024-06-14,,56
188,188,235,1,2024-04-17,2024-07-03,,77
188,188,242,2,2024-05-01,2024-06-24,,54
188,188,78,4,2024-04-15,2024-05-28,,43
188,188,245,1,2024-04-13,2024-05-16,,33
189,189,90,3,2024-04-30,2024-07-15,,76
189,189,262,3,2024-05-05,2024-06-05,,31
189,189,209,1,2024-04-23,2024-06-08,,46
189,189,249,5,2024-05-02,2024-06-15,,44
189,189,70,1,2024-04-14,2024-06-10,,57
189,189,34,1,2024-04-28,2024-06-08,,41
189,189,79,3,2024-04-09,2024-06-21,,73
189,189,36,1,2024-05-04,2024-06-08,,35
189,189,219,3,2024-04-19,2024-07-04,,76
190,190,147,3,2024-04-11,2024-05-30,,49
190,190,10,1,2024-04-13,2024-07-08,,86
190,190,111,2,2024-04-28,2024-06-13,,46
190,190,232,5,2024-04-25,2024-07-19,,85
190,190,174,5,2024-05-05,2024-07-20,,76
190,190,77,3,2024-04-14,2024-07-13,,90
191,191,84,2,2024-04-10,2024-05-25,,45
192,192,126,2,2024-05-03,2024-06-15,,43
192,192,248,5,2024-04-30,2024-07-28,,89
192,192,79,1,2024-05-04,2024-06-26,,53
192,192,70,3,2024-05-02,2024-07-24,,83
192,192,158,1,2024-04-19,2024-07-14,,86
193,193,58,5,2024-04-28,2024-07-26,,89
193,193,78,4,2024-04-27,2024-06-04,,38
194,194,101,2,2024-04-18,2024-05-27,,39
194,194,75,2,2024-04-28,2024-06-27,,60
194,194,165,5,2024-04-11,2024-06-25,,75
194,194,255,5,2024-05-01,2024-06-10,,40
194,194,90,4,2024-04-12,2024-06-23,,72
194,194,20,5,2024-04-21,2024-05-26,,35
195,195,231,2,2024-05-03,2024-06-20,,48
195,195,73,2,2024-04-29,2024-07-09,,71
195,195,159,1,2024-04-29,2024-06-08,,40
195,195,169,5,2024-04-27,2024-07-13,,77
195,195,133,4,2024-04-09,2024-05-14,,35
195,195,207,3,2024-04-25,2024-06-13,,49
196,196,88,3,2024-05-01,2024-06-10,,40
196,196,139,4,2024-04-29,2024-06-01,,33
196,196,33,2,2024-04-15,2024-07-04,,80
196,196,36,2,2024-04-10,2024-05-21,,41
196,196,120,1,2024-04-24,2024-06-09,,46
196,196,197,2,2024-05-02,2024-06-13,,42
196,196,224,5,2024-05-05,2024-07-15,,71
196,196,105,3,2024-04-07,2024-05-23,,46
196,196,206,2,2024-04-25,2024-06-21,,57
197,197,123,4,2024-04-20,2024-07-14,,85
198,198,207,1,2024-05-01,2024-06-14,,44
198,198,197,1,2024-04-17,2024-06-14,,58
198,198,247,2,2024-04-08,2024-06-06,,59
199,199,219,5,2024-04-21,2024-07-11,,81
199,199,253,2,2024-05-03,2024-07-28,,86
199,199,134,1,2024-04-24,2024-07-16,,83
199,199,186,1,2024-04-21,2024-06-15,,55
200,200,142,3,2024-04-10,2024-06-22,,73
201,201,97,1,2024-04-18,2024-06-21,,64
201,201,220,2,2024-04-29,2024-07-12,,74
201,201,158,5,2024-04-14,2024-07-02,,79
201,201,72,1,2024-04-06,2024-07-02,,87
201,201,82,1,2024-04-08,2024-06-23,,76
201,201,214,4,2024-04-18,2024-07-10,,83
202,202,133,4,2024-04-06,2024-06-24,,79
202,202,142,5,2024-04-14,2024-06-25,,72
202,202,139,1,2024-04-13,2024-05-18,,35
202,202,178,3,2024-04-13,2024-06-03,,51
202,202,103,5,2024-05-02,2024-07-24,,83
202,202,242,5,2024-05-02,2024-07-20,,79
203,203,103,4,2024-04-30,2024-07-26,,87
203,203,214,2,2024-04-20,2024-05-22,,32
203,203,134,4,2024-04-26,2024-07-13,,78
203,203,94,5,2024-04-12,2024-06-13,,62
204,204,109,4,2024-04-12,2024-06-05,,54
204,204,254,4,2024-04-25,2024-07-24,,90
204,204,62,3,2024-05-05,2024-07-16,,72
204,204,34,5,2024-04-30,2024-05-30,,30
204,204,134,2,2024-04-15,2024-05-21,,36
205,205,186,3,2024-04-11,2024-06-23,,73
205,205,191,5,2024-05-05,2024-07-30,,86
205,205,200,2,2024-04-06,2024-05-20,,44
205,205,10,1,2024-04-13,2024-07-02,,80
205,205,75,4,2024-04-20,2024-05-28,,38
205,205,163,5,2024-04-12,2024-06-26,,75
205,205,71,1,2024-04-11,2024-05-15,,34
205,205,134,5,2024-04-30,2024-07-28,,89
206,206,139,1,2024-04-27,2024-07-14,,78
206,206,249,5,2024-04-16,2024-05-20,,34
206,206,253,3,2024-04-07,2024-06-29,,83
206,206,84,3,2024-04-23,2024-06-07,,45
206,206,239,1,2024-04-20,2024-06-03,,44
206,206,90,1,2024-04-13,2024-07-01,,79
206,206,72,3,2024-04-23,2024-06-24,,62
207,207,90,4,2024-04-22,2024-07-13,,82
207,207,243,4,2024-05-03,2024-07-24,,82
207,207,165,3,2024-04-28,2024-07-01,,64
208,208,90,5,2024-04-19,2024-06-10,,52
208,208,33,5,2024-04-20,2024-07-11,,82
208,208,142,4,2024-04-20,2024-06-06,,47
208,208,234,4,2024-04-06,2024-06-07,,62
208,208,81,4,2024-04-14,2024-05-19,,35
208,208,126,4,2024-04-12,2024-07-10,,89
208,208,200,3,2024-04-13,2024-06-16,,64
208,208,224,5,2024-04-20,2024-07-02,,73
208,208,14,3,2024-04-26,2024-06-10,,45
208,208,62,2,2024-04-23,2024-05-27,,34
209,209,235,2,2024-05-03,2024-06-15,,43
209,209,88,2,2024-04-28,2024-06-29,,62
209,209,224,5,2024-04-21,2024-06-16,,56
209,209,84,3,2024-04-14,2024-06-26,,73
209,209,220,1,2024-04-15,2024-06-11,,57
209,209,123,3,2024-04-30,2024-07-10,,71
210,210,143,4,2024-04-26,2024-07-01,,66
210,210,214,1,2024-05-05,2024-07-02,,58
210,210,222,1,2024-04-13,2024-07-12,,90
211,211,258,2,2024-04-30,2024-06-26,,57
211,211,77,2,2024-04-25,2024-06-19,,55
211,211,236,3,2024-04-20,2024-05-21,,31
211,211,72,1,2024-04-19,2024-06-14,,56
212,212,70,3,2024-05-05,2024-07-20,,76
212,212,74,1,2024-04-21,2024-07-14,,84
212,212,163,3,2024-04-16,2024-06-06,,51
212,212,249,4,2024-04-23,2024-06-12,,50
213,213,244,3,2024-04-22,2024-07-20,,89
213,213,139,4,2024-04-19,2024-06-10,,52
213,213,200,2,2024-04-28,2024-07-26,,89
213,213,257,5,2024-04-27,2024-06-19,,53
213,213,97,3,2024-04-14,2024-07-10,,87
213,213,42,4,2024-04-23,2024-07-11,,79
214,214,112,4,2024-04-18,2024-07-13,,86
214,214,74,1,2024-04-11,2024-05-22,,41
214,214,220,5,2024-04-16,2024-05-26,,40
214,214,261,1,2024-04-14,2024-05-16,,32
214,214,72,1,2024-04-14,2024-05-25,,41
215,215,41,5,2024-04-12,2024-06-19,,68
215,215,243,3,2024-04-17,2024-06-19,,63
215,215,82,1,2024-04-29,2024-06-21,,53
215,215,114,3,2024-04-24,2024-06-26,,63
215,215,75,3,2024-04-25,2024-06-22,,58
215,215,257,4,2024-04-23,2024-05-28,,35
215,215,82,2,2024-04-30,2024-06-24,,55
215,215,4,3,2024-04-09,2024-05-14,,35
215,215,224,4,2024-04-11,2024-06-02,,52
216,216,157,3,2024-04-09,2024-05-20,,41
216,216,223,1,2024-05-01,2024-06-13,,43
216,216,159,1,2024-04-21,2024-05-27,,36
216,216,76,1,2024-04-17,2024-06-28,,72
217,217,217,2,2024-04-30,2024-06-27,,58
217,217,79,3,2024-04-06,2024-06-02,,57
217,217,174,3,2024-05-03,2024-06-30,,58
217,217,207,3,2024-04-25,2024-06-25,,61
218,218,31,4,2024-04-29,2024-07-13,,75
218,218,161,1,2024-04-28,2024-07-05,,68
218,218,154,3,2024-04-26,2024-06-07,,42
218,218,214,5,2024-04-15,2024-07-05,,81
218,218,236,1,2024-04-29,2024-07-25,,87
218,218,120,4,2024-04-22,2024-07-06,,75
219,219,54,3,2024-05-01,2024-06-20,,50
219,219,223,2,2024-04-19,2024-05-23,,34
219,219,212,3,2024-04-14,2024-05-16,,32
219,219,4,1,2024-05-04,2024-07-26,,83
219,219,94,3,2024-04-27,2024-06-15,,49
219,219,31,3,2024-05-05,2024-07-06,,62
219,219,52,2,2024-05-03,2024-06-26,,54
219,219,42,5,2024-04-27,2024-07-18,,82
220,220,73,2,2024-04-17,2024-07-11,,85
220,220,142,2,2024-04-29,2024-06-01,,33
220,220,134,4,2024-05-02,2024-07-22,,81
220,220,244,5,2024-04-13,2024-05-16,,33
220,220,127,3,2024-04-29,2024-06-15,,47
221,221,142,5,2024-04-22,2024-05-26,,34
221,221,35,3,2024-04-12,2024-05-30,,48
222,222,33,1,2024-04-24,2024-06-19,,56
222,222,114,5,2024-04-18,2024-06-13,,56
222,222,42,1,2024-04-08,2024-05-20,,42
222,222,84,5,2024-05-05,2024-06-08,,34
223,223,242,4,2024-04-15,2024-06-22,,68
223,223,89,3,2024-04-23,2024-06-16,,54
223,223,73,1,2024-04-19,2024-05-23,,34
223,223,243,2,2024-04-28,2024-07-25,,88
223,223,243,2,2024-04-07,2024-06-02,,56
224,224,75,4,2024-05-02,2024-06-02,,31
224,224,197,1,2024-04-14,2024-05-27,,43
224,224,125,2,2024-04-26,2024-06-04,,39
224,224,40,1,2024-04-24,2024-06-22,,59
225,225,88,3,2024-04-13,2024-05-26,,43
225,225,247,5,2024-04-23,2024-07-06,,74
225,225,41,4,2024-05-02,2024-07-04,,63
226,226,206,2,2024-04-13,2024-05-25,,42
226,226,217,5,2024-05-02,2024-06-30,,59
226,226,253,4,2024-05-01,2024-06-30,,60
226,226,219,2,2024-04-21,2024-07-02,,72
227,227,111,4,2024-04-11,2024-07-01,,81
227,227,71,2,2024-04-25,2024-06-25,,61
227,227,121,3,2024-04-18,2024-05-23,,35
227,227,251,4,2024-04-30,2024-07-14,,75
227,227,20,1,2024-04-19,2024-07-04,,76
227,227,105,3,2024-04-27,2024-06-16,,50
227,227,169,3,2024-04-20,2024-05-23,,33
227,227,254,1,2024-04-18,2024-05-21,,33
227,227,10,1,2024-04-26,2024-07-18,,83
227,227,243,4,2024-05-01,2024-06-24,,54
227,227,223,3,2024-04-19,2024-07-02,,74
227,227,101,5,2024-04-21,2024-06-14,,54
228,228,224,3,2024-05-03,2024-07-06,,64
228,228,232,3,2024-04-29,2024-06-14,,46
228,228,224,2,2024-04-14,2024-05-17,,33
228,228,31,5,2024-04-25,2024-06-14,,50
229,229,35,1,2024-04-26,2024-06-22,,57
229,229,143,5,2024-04-06,2024-06-19,,74
229,229,254,2,2024-04-07,2024-05-13,,36
230,230,222,5,2024-04-10,2024-06-28,,79
230,230,121,4,2024-04-21,2024-06-25,,65
230,230,190,4,2024-04-10,2024-05-14,,34
230,230,206,2,2024-04-14,2024-05-17,,33
230,230,107,5,2024-04-18,2024-05-27,,39
231,231,77,3,2024-04-15,2024-05-27,,42
231,231,102,4,2024-04-11,2024-06-20,,70
231,231,244,4,2024-04-12,2024-06-19,,68
231,231,235,3,2024-05-04,2024-06-08,,35
231,231,37,1,2024-04-22,2024-06-12,,51
232,232,174,1,2024-04-21,2024-06-15,,55
232,232,224,3,2024-04-27,2024-06-13,,47
232,232,65,5,2024-04-30,2024-06-30,,61
232,232,144,3,2024-04-23,2024-06-18,,56
232,232,243,1,2024-04-22,2024-06-08,,47
233,233,255,5,2024-04-17,2024-05-25,,38
233,233,14,3,2024-04-10,2024-06-18,,69
233,233,220,2,2024-04-26,2024-06-07,,42
233,233,35,5,2024-05-05,2024-06-07,,33
233,233,144,4,2024-04-28,2024-06-04,,37
233,233,190,3,2024-04-11,2024-05-21,,40
234,234,145,5,2024-04-06,2024-05-28,,52
235,235,255,3,2024-04-16,2024-06-07,,52
235,235,120,2,2024-04-17,2024-06-05,,49
235,235,97,2,2024-04-24,2024-06-15,,52
235,235,33,3,2024-04-19,2024-06-10,,52
235,235,79,1,2024-04-12,2024-07-09,,88
235,235,120,3,2024-04-22,2024-06-09,,48
236,236,154,2,2024-04-10,2024-05-15,,35
236,236,163,2,2024-05-01,2024-07-21,,81
236,236,24,1,2024-04-06,2024-06-20,,75
236,236,209,5,2024-04-25,2024-06-27,,63
236,236,73,1,2024-04-26,2024-07-01,,66
237,237,161,3,2024-04-11,2024-05-28,,47
237,237,94,1,2024-04-09,2024-06-30,,82
237,237,40,2,2024-05-03,2024-07-20,,78
237,237,77,1,2024-04-09,2024-05-27,,48
237,237,20,4,2024-04-15,2024-07-12,,88
238,238,186,4,2024-04-16,2024-06-08,,53
238,238,169,4,2024-04-11,2024-06-18,,68
238,238,36,5,2024-04-27,2024-07-04,,68
238,238,89,2,2024-04-20,2024-05-29,,39
238,238,4,3,2024-04-16,2024-07-04,,79
239,239,211,3,2024-05-04,2024-07-03,,60
239,239,197,3,2024-04-18,2024-05-18,,30
239,239,242,1,2024-04-12,2024-06-28,,77
239,239,78,2,2024-04-18,2024-07-03,,76
239,239,89,4,2024-04-11,2024-06-27,,77
240,240,139,2,2024-04-11,2024-05-26,,45
240,240,143,5,2024-04-28,2024-06-05,,38
240,240,262,3,2024-05-05,2024-07-04,,60
241,241,121,4,2024-04-18,2024-05-30,,42
241,241,74,3,2024-04-22,2024-06-30,,69
241,241,73,4,2024-04-27,2024-06-04,,38
242,242,144,3,2024-04-19,2024-06-25,,67
243,243,145,2,2024-04-19,2024-06-14,,56
243,243,235,4,2024-04-27,2024-05-29,,32
243,243,89,5,2024-04-27,2024-07-26,,90
244,244,31,2,2024-04-26,2024-06-29,,64
244,244,102,4,2024-04-12,2024-07-04,,83
244,244,35,4,2024-04-28,2024-07-13,,76
245,245,253,5,2024-04-18,2024-07-11,,84
245,245,261,1,2024-04-20,2024-06-23,,64
245,245,220,3,2024-04-24,2024-07-18,,85
245,245,191,2,2024-04-20,2024-06-24,,65
246,246,114,4,2024-05-02,2024-06-15,,44
246,246,148,4,2024-04-16,2024-06-22,,67
246,246,207,3,2024-04-25,2024-06-17,,53
246,246,174,2,2024-05-05,2024-07-19,,75
246,246,234,2,2024-04-26,2024-06-21,,56
246,246,103,1,2024-04-15,2024-06-10,,56
247,247,261,2,2024-04-14,2024-06-24,,71
247,247,169,2,2024-04-14,2024-06-27,,74
248,248,245,4,2024-04-21,2024-06-19,,59
248,248,253,2,2024-05-05,2024-06-17,,43
248,248,34,4,2024-04-07,2024-07-03,,87
248,248,230,3,2024-04-07,2024-05-17,,40
248,248,157,2,2024-04-11,2024-06-27,,77
249,249,222,3,2024-04-22,2024-06-21,,60
249,249,73,3,2024-05-01,2024-07-29,,89
249,249,206,3,2024-04-14,2024-07-02,,79
249,249,211,2,2024-04-28,2024-06-23,,56
250,250,147,1,2024-04-16,2024-06-16,,61
250,250,142,1,2024-04-23,2024-07-14,,82
250,250,76,5,2024-04-24,2024-07-03,,70
250,250,236,5,2024-04-27,2024-07-22,,86
251,251,224,5,2024-04-06,2024-05-30,,54
251,251,105,4,2024-04-28,2024-07-21,,84
251,251,88,2,2024-04-17,2024-06-21,,65
251,251,188,5,2024-04-11,2024-05-21,,40
252,252,248,3,2024-04-23,2024-07-16,,84
252,252,122,1,2024-04-11,2024-07-08,,88
252,252,159,1,2024-04-24,2024-07-19,,86
253,253,239,3,2024-04-24,2024-05-31,,37
253,253,253,2,2024-04-19,2024-07-04,,76
253,253,103,4,2024-04-16,2024-07-10,,85
253,253,261,4,2024-04-08,2024-05-25,,47
253,253,127,2,2024-04-23,2024-07-09,,77
254,254,217,2,2024-05-02,2024-07-17,,76
254,254,118,5,2024-04-13,2024-06-11,,59
254,254,144,4,2024-04-10,2024-05-17,,37
254,254,40,1,2024-04-27,2024-07-12,,76
254,254,52,1,2024-04-29,2024-06-18,,50
254,254,149,2,2024-04-06,2024-06-18,,73
255,255,107,2,2024-04-30,2024-07-10,,71
255,255,188,3,2024-04-25,2024-06-05,,41
255,255,4,5,2024-05-02,2024-07-04,,63
255,255,232,1,2024-04-16,2024-06-09,,54
255,255,18,1,2024-04-15,2024-06-18,,64
256,256,178,3,2024-04-11,2024-06-04,,54
256,256,248,5,2024-04-15,2024-07-13,,89
256,256,145,5,2024-04-14,2024-06-16,,63
256,256,144,2,2024-04-21,2024-06-11,,51
257,257,10,2,2024-04-24,2024-07-16,,83
257,257,16,3,2024-04-13,2024-07-10,,88
257,257,219,1,2024-04-07,2024-05-10,,33
258,258,185,3,2024-04-22,2024-06-02,,41
259,259,77,2,2024-04-25,2024-06-24,,60
259,259,157,4,2024-04-20,2024-07-02,,73
259,259,10,4,2024-04-18,2024-06-24,,67
259,259,145,3,2024-04-21,2024-07-12,,82
259,259,247,3,2024-04-12,2024-05-16,,34
259,259,102,3,2024-04-06,2024-05-12,,36
260,260,149,3,2024-04-06,2024-06-19,,74
260,260,37,5,2024-04-09,2024-05-14,,35
261,261,58,5,2024-04-29,2024-07-23,,85
261,261,79,4,2024-04-13,2024-07-08,,86
261,261,257,2,2024-05-01,2024-07-28,,88
262,262,49,5,2024-04-20,2024-06-14,,55
262,262,157,5,2024-04-13,2024-06-15,,63
262,262,139,2,2024-04-26,2024-07-24,,89
262,262,127,1,2024-04-07,2024-06-26,,80
262,262,242,2,2024-05-04,2024-06-25,,52
263,263,163,4,2024-04-26,2024-05-26,,30
263,263,42,2,2024-05-04,2024-07-17,,74
263,263,71,5,2024-04-23,2024-07-22,,90
264,264,103,3,2024-04-11,2024-05-11,,30
265,265,197,1,2024-04-29,2024-06-02,,34
265,265,75,1,2024-04-23,2024-06-25,,63
265,265,103,3,2024-05-01,2024-07-26,,86
265,265,54,4,2024-04-17,2024-05-27,,40
265,265,217,2,2024-04-28,2024-06-22,,55
265,265,65,1,2024-04-30,2024-06-09,,40
265,265,49,2,2024-04-10,2024-06-28,,79
265,265,103,3,2024-04-26,2024-06-12,,47
266,266,185,2,2024-04-22,2024-05-28,,36
266,266,197,3,2024-04-17,2024-05-17,,30
266,266,35,3,2024-04-13,2024-06-27,,75
266,266,76,5,2024-04-13,2024-06-08,,56
267,267,107,4,2024-04-29,2024-06-22,,54
267,267,134,5,2024-04-25,2024-06-02,,38
267,267,201,2,2024-04-17,2024-07-02,,76
267,267,257,5,2024-05-04,2024-06-09,,36
267,267,242,5,2024-04-07,2024-05-15,,38
267,267,235,5,2024-04-26,2024-07-01,,66
267,267,84,1,2024-04-20,2024-06-11,,52
268,268,214,5,2024-04-16,2024-05-25,,39
268,268,148,1,2024-04-29,2024-07-21,,83
268,268,230,3,2024-04-24,2024-05-26,,32
268,268,94,1,2024-05-01,2024-07-29,,89
268,268,52,4,2024-04-26,2024-05-28,,32
268,268,4,2,2024-04-08,2024-05-11,,33
268,268,52,5,2024-05-04,2024-07-11,,68
268,268,234,2,2024-04-15,2024-07-11,,87
268,268,90,5,2024-04-17,2024-07-04,,78
268,268,153,1,2024-04-15,2024-07-08,,84
269,269,212,5,2024-04-24,2024-06-29,,66
269,269,126,3,2024-04-30,2024-07-04,,65
269,269,191,5,2024-04-28,2024-06-23,,56
269,269,63,3,2024-05-02,2024-06-28,,57
270,270,34,3,2024-04-23,2024-06-23,,61
270,270,134,3,2024-04-24,2024-06-16,,53
270,270,82,5,2024-04-07,2024-07-06,,90
270,270,186,1,2024-04-27,2024-06-07,,41
270,270,197,4,2024-04-11,2024-05-23,,42
270,270,161,2,2024-04-06,2024-05-21,,45
271,271,248,2,2024-04-17,2024-05-29,,42
271,271,43,5,2024-04-27,2024-07-22,,86
271,271,63,2,2024-05-04,2024-07-20,,77
271,271,71,3,2024-04-26,2024-07-02,,67
271,271,66,4,2024-04-18,2024-06-06,,49
271,271,142,3,2024-04-23,2024-07-05,,73
271,271,58,1,2024-05-03,2024-07-22,,80
272,272,76,5,2024-04-22,2024-06-24,,63
272,272,220,2,2024-04-29,2024-06-23,,55
272,272,121,4,2024-05-03,2024-07-05,,63
272,272,145,5,2024-04-12,2024-06-09,,58
272,272,248,3,2024-04-16,2024-06-09,,54
272,272,214,1,2024-04-29,2024-07-23,,85
272,272,76,4,2024-05-02,2024-06-18,,47
272,272,122,3,2024-04-11,2024-06-05,,55
272,272,94,2,2024-04-23,2024-06-11,,49
272,272,248,5,2024-04-23,2024-06-01,,39
273,273,54,2,2024-05-05,2024-06-14,,40
273,273,20,4,2024-05-03,2024-06-02,,30
273,273,249,4,2024-04-25,2024-07-24,,90
274,274,122,2,2024-04-17,2024-06-16,,60
274,274,261,2,2024-04-17,2024-06-26,,70
274,274,220,5,2024-04-24,2024-06-27,,64
274,274,105,3,2024-04-26,2024-06-18,,53
274,274,109,3,2024-04-18,2024-06-08,,51
274,274,109,2,2024-04-26,2024-06-11,,46
274,274,16,4,2024-04-29,2024-06-28,,60
274,274,139,2,2024-04-15,2024-06-10,,56
275,275,197,3,2024-04-24,2024-06-25,,62
275,275,114,1,2024-04-30,2024-07-06,,67
275,275,147,5,2024-04-07,2024-06-19,,73
275,275,159,2,2024-04-20,2024-05-27,,37
275,275,234,5,2024-04-18,2024-05-23,,35
276,276,82,5,2024-04-30,2024-07-07,,68
276,276,262,4,2024-05-04,2024-07-26,,83
277,277,209,2,2024-04-14,2024-06-25,,72
277,277,191,2,2024-04-27,2024-07-03,,67
277,277,211,5,2024-04-25,2024-06-04,,40
277,277,123,2,2024-04-17,2024-07-09,,83
277,277,74,2,2024-04-26,2024-06-20,,55
278,278,142,2,2024-04-25,2024-06-08,,44
278,278,239,1,2024-04-12,2024-07-08,,87
278,278,211,1,2024-05-05,2024-06-04,,30
278,278,54,4,2024-04-29,2024-06-14,,46
279,279,112,1,2024-05-03,2024-06-02,,30
279,279,4,2,2024-04-07,2024-05-17,,40
279,279,35,4,2024-04-15,2024-06-25,,71
279,279,234,5,2024-04-16,2024-05-22,,36
279,279,190,5,2024-04-13,2024-06-04,,52
279,279,207,3,2024-05-01,2024-07-13,,73
279,279,71,1,2024-04-26,2024-07-15,,80
280,280,66,5,2024-04-08,2024-06-18,,71
280,280,247,1,2024-04-25,2024-06-25,,61
280,280,94,4,2024-05-01,2024-06-21,,51
280,280,109,1,2024-04-25,2024-06-09,,45
280,280,94,3,2024-05-03,2024-07-24,,82
280,280,190,3,2024-04-23,2024-07-03,,71
281,281,33,3,2024-05-02,2024-07-09,,68
281,281,97,3,2024-05-01,2024-07-10,,70
281,281,262,5,2024-04-27,2024-07-01,,65
281,281,222,2,2024-05-02,2024-07-17,,76
281,281,219,4,2024-05-04,2024-06-09,,36
281,281,230,4,2024-05-01,2024-06-30,,60
282,282,79,1,2024-04-23,2024-06-27,,65
282,282,123,2,2024-04-15,2024-07-07,,83
283,283,123,4,2024-04-17,2024-07-04,,78
284,284,200,1,2024-04-30,2024-06-27,,58
284,284,52,2,2024-04-10,2024-05-29,,49
284,284,201,5,2024-05-04,2024-07-08,,65
284,284,217,1,2024-05-01,2024-07-21,,81
284,284,158,5,2024-04-26,2024-06-16,,51
284,284,87,2,2024-05-04,2024-07-13,,70
284,284,37,5,2024-04-22,2024-05-29,,37
285,285,31,5,2024-05-02,2024-07-13,,72
285,285,262,2,2024-04-22,2024-07-03,,72
286,286,78,3,2024-04-29,2024-06-12,,44
286,286,223,1,2024-04-12,2024-06-08,,57
287,287,14,2,2024-04-26,2024-06-30,,65
287,287,37,5,2024-04-12,2024-06-12,,61
287,287,73,3,2024-04-24,2024-07-16,,83
287,287,163,3,2024-04-21,2024-07-07,,77
287,287,20,4,2024-04-29,2024-07-10,,72
287,287,147,4,2024-04-09,2024-05-09,,30
288,288,35,3,2024-04-10,2024-06-26,,77
288,288,223,1,2024-04-22,2024-06-07,,46
288,288,114,5,2024-04-06,2024-05-28,,52
288,288,186,1,2024-04-15,2024-05-25,,40
288,288,42,1,2024-04-20,2024-06-07,,48
288,288,71,3,2024-04-24,2024-07-08,,75
288,288,71,3,2024-04-23,2024-05-29,,36
288,288,127,3,2024-05-04,2024-06-22,,49
288,288,201,2,2024-04-07,2024-06-03,,57
289,289,159,5,2024-04-15,2024-05-20,,35
289,289,16,4,2024-04-22,2024-06-28,,67
289,289,105,3,2024-04-10,2024-05-20,,40
290,290,230,2,2024-04-16,2024-05-21,,35
290,290,125,5,2024-05-05,2024-07-03,,59
290,290,169,2,2024-04-24,2024-07-12,,79
290,290,235,5,2024-04-12,2024-05-20,,38
290,290,165,3,2024-04-13,2024-05-21,,38
290,290,142,1,2024-04-13,2024-05-21,,38
291,291,262,1,2024-04-23,2024-06-25,,63
291,291,214,3,2024-04-19,2024-07-01,,73
291,291,84,3,2024-04-13,2024-07-06,,84
291,291,257,1,2024-05-02,2024-06-01,,30
291,291,161,2,2024-04-12,2024-06-12,,61
291,291,209,3,2024-04-13,2024-05-18,,35
292,292,244,5,2024-04-13,2024-06-27,,75
292,292,212,5,2024-04-17,2024-06-24,,68
292,292,43,2,2024-04-30,2024-07-10,,71
293,293,123,1,2024-05-02,2024-06-11,,40
293,293,89,3,2024-04-06,2024-06-02,,57
293,293,42,5,2024-04-14,2024-05-27,,43
293,293,235,3,2024-04-19,2024-07-02,,74
294,294,41,4,2024-04-18,2024-05-29,,41
294,294,34,2,2024-04-07,2024-06-25,,79
294,294,145,5,2024-04-19,2024-07-15,,87
294,294,178,4,2024-04-11,2024-05-18,,37
294,294,112,4,2024-04-07,2024-05-20,,43
294,294,178,1,2024-04-21,2024-06-02,,42
295,295,139,3,2024-05-01,2024-07-07,,67
295,295,174,5,2024-04-15,2024-05-17,,32
295,295,147,4,2024-04-20,2024-06-25,,66
296,296,90,3,2024-04-16,2024-05-17,,31
296,296,125,3,2024-04-12,2024-06-19,,68
296,296,84,3,2024-05-03,2024-07-09,,67
296,296,158,1,2024-04-17,2024-06-26,,70
296,296,4,2,2024-04-14,2024-06-05,,52
296,296,34,3,2024-04-07,2024-06-19,,73
296,296,236,4,2024-05-01,2024-06-23,,53
296,296,178,5,2024-04-12,2024-06-18,,67
296,296,198,4,2024-04-08,2024-05-13,,35
297,297,200,4,2024-04-25,2024-07-01,,67
297,297,200,3,2024-04-17,2024-06-14,,58
297,297,149,1,2024-04-26,2024-06-27,,62
297,297,114,3,2024-05-03,2024-07-24,,82
297,297,239,3,2024-04-11,2024-05-29,,48
297,297,239,3,2024-04-22,2024-06-11,,50
297,297,41,4,2024-04-10,2024-06-30,,81
298,298,169,2,2024-05-01,2024-07-19,,79
298,298,148,2,2024-04-16,2024-06-19,,64
298,298,123,4,2024-04-16,2024-05-28,,42
298,298,224,5,2024-04-09,2024-05-22,,43
298,298,212,3,2024-04-17,2024-06-30,,74
298,298,159,1,2024-04-16,2024-05-20,,34
298,298,33,5,2024-04-26,2024-06-19,,54
299,299,261,3,2024-04-12,2024-05-30,,48
299,299,71,2,2024-04-08,2024-06-13,,66
299,299,71,5,2024-04-09,2024-07-08,,90
300,300,224,3,2024-04-10,2024-05-17,,37
300,300,231,5,2024-04-07,2024-06-15,,69
301,301,43,2,2024-04-29,2024-07-11,,73
301,301,149,1,2024-04-19,2024-07-15,,87
301,301,62,3,2024-04-18,2024-06-25,,68
301,301,154,1,2024-05-02,2024-06-02,,31
301,301,198,3,2024-04-08,2024-07-03,,86
301,301,144,3,2024-05-02,2024-07-16,,75
301,301,62,3,2024-04-28,2024-06-17,,50
302,302,145,5,2024-04-06,2024-05-21,,45
302,302,103,4,2024-04-22,2024-07-07,,76
302,302,243,2,2024-04-07,2024-05-28,,51
302,302,123,5,2024-04-30,2024-06-24,,55
302,302,118,4,2024-04-28,2024-06-30,,63
302,302,105,5,2024-04-26,2024-06-02,,37
302,302,249,1,2024-04-19,2024-07-11,,83
302,302,261,1,2024-04-08,2024-06-25,,78
302,302,105,1,2024-04-16,2024-06-21,,66
303,303,133,5,2024-04-09,2024-05-17,,38
303,303,18,4,2024-04-26,2024-07-03,,68
304,304,244,4,2024-04-20,2024-05-23,,33
304,304,10,1,2024-04-12,2024-06-14,,63
304,304,142,3,2024-04-16,2024-05-18,,32
304,304,258,3,2024-04-27,2024-06-29,,63
304,304,134,5,2024-05-01,2024-06-07,,37
304,304,40,2,2024-04-25,2024-07-21,,87
304,304,258,2,2024-04-14,2024-05-15,,31
305,305,40,1,2024-04-17,2024-05-18,,31
305,305,254,2,2024-04-13,2024-05-20,,37
306,306,198,1,2024-04-12,2024-06-09,,58
306,306,212,5,2024-04-27,2024-07-08,,72
306,306,206,4,2024-05-04,2024-07-07,,64
306,306,165,4,2024-04-26,2024-07-05,,70
306,306,236,2,2024-05-01,2024-07-26,,86
306,306,24,3,2024-05-04,2024-07-30,,87
307,307,35,5,2024-04-28,2024-06-30,,63
307,307,212,1,2024-05-04,2024-07-07,,64
307,307,254,1,2024-04-20,2024-06-29,,70
307,307,65,1,2024-04-29,2024-05-31,,32
307,307,18,4,2024-04-25,2024-06-28,,64
308,308,253,1,2024-05-01,2024-07-26,,86
308,308,217,4,2024-04-27,2024-07-21,,85
308,308,169,5,2024-04-18,2024-05-31,,43
308,308,245,4,2024-04-21,2024-06-01,,41
308,308,262,3,2024-04-22,2024-05-28,,36
308,308,145,5,2024-04-28,2024-05-28,,30
308,308,253,1,2024-04-15,2024-06-15,,61
308,308,206,4,2024-04-30,2024-07-05,,66
309,309,206,1,2024-04-21,2024-06-25,,65
309,309,198,5,2024-04-09,2024-06-18,,70
309,309,191,4,2024-04-12,2024-06-21,,70
309,309,262,3,2024-04-26,2024-07-22,,87
309,309,24,3,2024-04-17,2024-07-11,,85
309,309,231,3,2024-04-16,2024-06-15,,60
309,309,123,2,2024-05-03,2024-07-19,,77
309,309,143,2,2024-05-01,2024-06-18,,48
310,310,54,1,2024-04-22,2024-07-16,,85
310,310,169,3,2024-04-27,2024-07-17,,81
310,310,71,2,2024-04-10,2024-05-17,,37
310,310,134,1,2024-04-21,2024-06-25,,65
310,310,174,1,2024-04-21,2024-06-28,,68
310,310,148,4,2024-04-09,2024-06-12,,64
311,311,153,4,2024-04-11,2024-06-18,,68
311,311,126,1,2024-05-02,2024-06-24,,53
311,311,52,2,2024-04-16,2024-06-12,,57
311,311,78,3,2024-04-20,2024-05-26,,36
311,311,79,4,2024-04-29,2024-07-25,,87
311,311,142,5,2024-04-22,2024-06-15,,54
311,311,235,3,2024-04-25,2024-06-29,,65
311,311,84,3,2024-04-06,2024-06-12,,67
311,311,52,3,2024-04-20,2024-06-08,,49
311,311,16,4,2024-04-16,2024-07-05,,80
311,311,49,5,2024-05-01,2024-07-23,,83
312,312,211,5,2024-04-16,2024-06-06,,51
312,312,42,3,2024-04-29,2024-06-12,,44
313,313,105,1,2024-04-21,2024-07-15,,85
313,313,107,4,2024-04-08,2024-06-12,,65
313,313,217,2,2024-04-09,2024-06-06,,58
313,313,20,5,2024-04-12,2024-05-31,,49
313,313,149,4,2024-04-22,2024-07-14,,83
313,313,236,5,2024-05-03,2024-06-14,,42
313,313,161,1,2024-04-24,2024-07-22,,89
313,313,126,3,2024-04-08,2024-05-15,,37
313,313,157,5,2024-05-01,2024-07-17,,77
313,313,120,1,2024-05-04,2024-06-12,,39
314,314,254,2,2024-05-02,2024-06-29,,58
314,314,62,5,2024-04-30,2024-07-03,,64
314,314,165,3,2024-04-06,2024-06-18,,73
314,314,24,2,2024-04-12,2024-06-08,,57
314,314,89,4,2024-04-17,2024-06-04,,48
315,315,74,2,2024-05-04,2024-06-18,,45
315,315,174,5,2024-05-02,2024-06-01,,30
315,315,107,3,2024-04-22,2024-07-16,,85
315,315,244,3,2024-04-20,2024-06-30,,71
316,316,222,1,2024-04-30,2024-07-05,,66
316,316,235,3,2024-04-30,2024-06-29,,60
316,316,261,3,2024-05-05,2024-07-05,,61
317,317,16,2,2024-04-27,2024-06-08,,42
317,317,77,1,2024-05-02,2024-07-03,,62
317,317,242,2,2024-04-17,2024-06-22,,66
317,317,75,1,2024-04-16,2024-06-24,,69
317,317,35,2,2024-04-30,2024-06-24,,55
317,317,209,5,2024-04-15,2024-06-11,,57
318,318,147,5,2024-04-28,2024-07-04,,67
318,318,201,1,2024-04-29,2024-06-11,,43
318,318,153,4,2024-04-07,2024-06-27,,81
318,318,144,3,2024-04-14,2024-06-04,,51
318,318,62,3,2024-04-22,2024-07-20,,89
318,318,103,1,2024-05-05,2024-07-20,,76
318,318,139,1,2024-04-25,2024-06-23,,59
319,319,249,3,2024-04-10,2024-05-14,,34
319,319,127,5,2024-04-30,2024-06-06,,37
319,319,242,1,2024-04-27,2024-07-15,,79
319,319,223,2,2024-04-22,2024-06-02,,41
319,319,249,2,2024-05-05,2024-06-05,,31
319,319,253,2,2024-04-23,2024-06-30,,68
319,319,42,2,2024-04-24,2024-06-15,,52
320,320,73,5,2024-04-12,2024-07-03,,82
321,321,254,3,2024-05-01,2024-06-16,,46
322,322,261,4,2024-04-28,2024-07-07,,70
322,322,35,3,2024-05-04,2024-06-27,,54
322,322,112,2,2024-04-13,2024-05-18,,35
322,322,188,5,2024-04-15,2024-07-05,,81
322,322,232,5,2024-04-10,2024-06-18,,69
322,322,153,1,2024-04-29,2024-07-07,,69
323,323,224,5,2024-04-07,2024-05-14,,37
323,323,232,2,2024-04-17,2024-06-02,,46
324,324,161,2,2024-04-18,2024-05-25,,37
324,324,77,4,2024-04-22,2024-06-14,,53
324,324,37,1,2024-04-21,2024-06-01,,41
324,324,217,5,2024-05-01,2024-07-22,,82
324,324,230,5,2024-05-03,2024-07-14,,72
324,324,127,4,2024-05-04,2024-06-17,,44
325,325,41,3,2024-05-01,2024-07-06,,66
325,325,94,3,2024-04-12,2024-06-18,,67
325,325,111,4,2024-04-30,2024-07-05,,66
325,325,62,1,2024-05-04,2024-06-19,,46
325,325,174,4,2024-05-03,2024-06-30,,58
325,325,62,4,2024-04-25,2024-05-29,,34
326,326,107,3,2024-04-10,2024-05-17,,37
326,326,125,3,2024-04-16,2024-06-04,,49
326,326,109,2,2024-04-18,2024-06-17,,60
327,327,139,1,2024-04-28,2024-07-02,,65
327,327,89,1,2024-04-30,2024-06-28,,59
327,327,236,1,2024-04-15,2024-06-26,,72
328,328,242,4,2024-04-19,2024-06-14,,56
328,328,148,1,2024-04-30,2024-07-28,,89
329,329,211,2,2024-04-12,2024-07-03,,82
329,329,178,5,2024-04-09,2024-06-22,,74
329,329,102,1,2024-04-25,2024-05-26,,31
330,330,197,4,2024-04-07,2024-05-29,,52
330,330,239,4,2024-04-12,2024-06-20,,69
331,331,262,4,2024-04-13,2024-05-27,,44
331,331,31,5,2024-04-27,2024-06-09,,43
331,331,97,3,2024-05-05,2024-07-21,,77
331,331,103,4,2024-05-03,2024-06-23,,51
331,331,77,4,2024-04-27,2024-06-04,,38
331,331,191,5,2024-04-26,2024-06-03,,38
331,331,103,3,2024-05-03,2024-07-31,,89
332,332,63,1,2024-04-22,2024-07-17,,86
332,332,4,2,2024-04-23,2024-07-22,,90
332,332,70,5,2024-05-04,2024-07-26,,83
332,332,133,5,2024-04-13,2024-05-29,,46
332,332,191,4,2024-04-10,2024-05-21,,41
332,332,18,4,2024-04-17,2024-07-12,,86
332,332,118,4,2024-04-30,2024-06-15,,46
332,332,84,3,2024-04-11,2024-06-07,,57
333,333,174,2,2024-04-23,2024-06-28,,66
333,333,65,3,2024-04-13,2024-07-03,,81
334,334,147,1,2024-05-04,2024-06-16,,43
334,334,10,5,2024-04-26,2024-06-15,,50
334,334,232,4,2024-05-02,2024-07-13,,72
334,334,103,4,2024-04-07,2024-05-22,,45
334,334,212,4,2024-05-03,2024-06-02,,30
334,334,121,3,2024-04-26,2024-07-22,,87
334,334,257,3,2024-04-16,2024-05-17,,31
335,335,118,5,2024-04-21,2024-06-30,,70
335,335,139,3,2024-04-28,2024-07-06,,69
335,335,188,5,2024-04-30,2024-06-18,,49
335,335,127,2,2024-04-15,2024-06-29,,75
335,335,211,2,2024-05-01,2024-06-22,,52
335,335,247,1,2024-04-09,2024-05-26,,47
335,335,54,3,2024-04-22,2024-06-09,,48
336,336,217,1,2024-04-18,2024-06-07,,50
336,336,197,2,2024-05-01,2024-06-20,,50
336,336,144,2,2024-04-15,2024-06-28,,74
337,337,10,1,2024-04-21,2024-06-19,,59
337,337,18,1,2024-04-06,2024-07-03,,88
337,337,220,5,2024-04-07,2024-06-22,,76
337,337,107,5,2024-05-01,2024-06-10,,40
337,337,77,5,2024-04-27,2024-06-18,,52
337,337,34,4,2024-05-04,2024-07-04,,61
338,338,200,4,2024-05-04,2024-06-09,,36
338,338,174,4,2024-04-09,2024-06-09,,61
338,338,120,2,2024-04-27,2024-06-02,,36
339,339,157,1,2024-04-27,2024-07-03,,67
339,339,89,2,2024-05-01,2024-07-27,,87
339,339,97,2,2024-04-29,2024-06-13,,45
339,339,255,1,2024-04-08,2024-07-04,,87
340,340,122,2,2024-04-20,2024-06-17,,58
340,340,255,1,2024-04-16,2024-05-16,,30
340,340,70,1,2024-04-14,2024-06-28,,75
340,340,245,4,2024-04-23,2024-06-29,,67
341,341,78,1,2024-04-20,2024-07-13,,84
341,341,147,3,2024-04-17,2024-06-10,,54
341,341,145,4,2024-04-10,2024-05-28,,48
342,342,127,5,2024-04-24,2024-06-05,,42
342,342,201,3,2024-04-27,2024-06-16,,50
342,342,118,3,2024-04-28,2024-06-11,,44
342,342,245,3,2024-04-26,2024-06-15,,50
342,342,82,2,2024-05-02,2024-07-31,,90
342,342,123,5,2024-04-06,2024-05-08,,32
342,342,158,4,2024-05-03,2024-06-08,,36
343,343,186,1,2024-04-27,2024-07-15,,79
343,343,224,3,2024-04-14,2024-06-07,,54
343,343,255,2,2024-04-23,2024-06-05,,43
343,343,107,5,2024-04-19,2024-05-30,,41
343,343,206,1,2024-04-09,2024-05-18,,39
344,344,36,4,2024-04-23,2024-06-30,,68
344,344,236,3,2024-04-16,2024-05-21,,35
345,345,20,5,2024-04-26,2024-06-09,,44
345,345,157,4,2024-05-04,2024-06-22,,49
345,345,66,3,2024-04-27,2024-07-02,,66
346,346,185,4,2024-04-23,2024-07-03,,71
346,346,112,3,2024-04-12,2024-06-20,,69
346,346,163,4,2024-05-05,2024-06-13,,39
346,346,244,2,2024-04-19,2024-07-01,,73
347,347,10,5,2024-04-29,2024-07-19,,81
347,347,253,4,2024-04-15,2024-07-09,,85
348,348,34,5,2024-04-13,2024-06-22,,70
348,348,122,3,2024-04-16,2024-05-26,,40
349,349,122,5,2024-04-12,2024-06-21,,70
349,349,235,4,2024-04-22,2024-07-04,,73
349,349,198,1,2024-04-30,2024-06-09,,40
350,350,201,3,2024-04-17,2024-07-10,,84
350,350,58,1,2024-04-29,2024-06-05,,37
350,350,185,3,2024-04-09,2024-07-02,,84
351,351,112,5,2024-04-13,2024-07-12,,90
351,351,120,5,2024-04-17,2024-06-09,,53
351,351,103,4,2024-04-13,2024-07-01,,79
351,351,97,1,2024-05-01,2024-06-28,,58
351,351,35,4,2024-04-25,2024-07-16,,82
351,351,90,2,2024-04-28,2024-06-09,,42
352,352,77,2,2024-04-17,2024-07-10,,84
352,352,97,5,2024-04-19,2024-07-06,,78
352,352,153,3,2024-04-19,2024-05-23,,34
352,352,102,5,2024-04-17,2024-06-14,,58
352,352,134,2,2024-04-07,2024-06-27,,81
352,352,242,2,2024-04-16,2024-05-18,,32
352,352,101,5,2024-04-13,2024-05-24,,41
353,353,200,1,2024-04-07,2024-06-18,,72
353,353,109,5,2024-04-29,2024-07-04,,66
354,354,111,3,2024-05-03,2024-06-11,,39
354,354,40,5,2024-05-04,2024-06-18,,45
354,354,261,5,2024-04-09,2024-05-16,,37
354,354,247,2,2024-05-01,2024-06-28,,58
355,355,178,3,2024-04-14,2024-06-14,,61
355,355,134,5,2024-04-25,2024-06-07,,43
355,355,251,5,2024-04-20,2024-06-14,,55
356,356,169,4,2024-04-17,2024-06-29,,73
356,356,254,1,2024-05-05,2024-07-25,,81
356,356,230,1,2024-04-09,2024-06-04,,56
356,356,89,2,2024-04-23,2024-06-04,,42
356,356,18,2,2024-05-02,2024-06-02,,31
356,356,219,2,2024-04-09,2024-05-24,,45
356,356,158,1,2024-05-04,2024-06-13,,40
356,356,94,4,2024-04-22,2024-06-03,,42
357,357,201,1,2024-04-22,2024-06-26,,65
357,357,169,2,2024-04-08,2024-06-25,,78
357,357,147,2,2024-04-26,2024-06-02,,37
357,357,148,2,2024-04-22,2024-06-29,,68
357,357,145,5,2024-04-26,2024-05-29,,33
357,357,76,1,2024-04-19,2024-06-18,,60
358,358,223,4,2024-05-03,2024-06-23,,51
358,358,188,2,2024-05-01,2024-07-09,,69
358,358,159,1,2024-05-04,2024-08-01,,89
358,358,163,1,2024-04-23,2024-05-25,,32
358,358,214,5,2024-04-13,2024-05-25,,42
359,359,217,5,2024-04-15,2024-07-04,,80
359,359,103,2,2024-04-16,2024-06-20,,65
359,359,121,2,2024-04-25,2024-07-22,,88
360,360,169,4,2024-04-15,2024-07-01,,77
360,360,10,1,2024-05-04,2024-07-11,,68
360,360,54,1,2024-04-25,2024-07-10,,76
361,361,66,2,2024-04-13,2024-07-11,,89
361,361,71,1,2024-04-29,2024-07-24,,86
361,361,198,5,2024-04-06,2024-05-17,,41
361,361,43,3,2024-04-07,2024-06-05,,59
361,361,243,1,2024-04-22,2024-06-16,,55
362,362,127,3,2024-04-24,2024-07-01,,68
362,362,90,4,2024-04-14,2024-05-18,,34
362,362,139,4,2024-04-28,2024-06-13,,46
362,362,254,3,2024-04-21,2024-05-21,,30
362,362,87,2,2024-04-14,2024-06-17,,64
362,362,62,1,2024-04-19,2024-07-17,,89
362,362,74,2,2024-04-19,2024-07-14,,86
362,362,234,4,2024-04-17,2024-06-06,,50
362,362,63,4,2024-04-16,2024-05-26,,40
363,363,248,5,2024-04-24,2024-07-19,,86
363,363,145,2,2024-04-17,2024-05-29,,42
363,363,185,3,2024-05-03,2024-07-02,,60
364,364,159,1,2024-04-17,2024-07-12,,86
364,364,244,1,2024-04-16,2024-06-21,,66
364,364,142,1,2024-04-25,2024-07-05,,71
364,364,107,4,2024-04-16,2024-05-22,,36
364,364,33,4,2024-04-29,2024-07-11,,73
364,364,201,1,2024-05-03,2024-07-04,,62
364,364,76,5,2024-04-30,2024-07-05,,66
364,364,154,2,2024-04-17,2024-05-23,,36
364,364,207,1,2024-05-04,2024-07-03,,60
365,365,186,4,2024-04-10,2024-07-04,,85
365,365,126,3,2024-04-14,2024-05-22,,38
365,365,18,2,2024-04-16,2024-07-03,,78
366,366,76,2,2024-04-12,2024-07-06,,85
366,366,154,2,2024-05-04,2024-06-19,,46
367,367,31,5,2024-04-11,2024-06-07,,57
367,367,36,2,2024-04-24,2024-07-23,,90
367,367,78,5,2024-04-28,2024-07-15,,78
367,367,20,5,2024-05-02,2024-07-25,,84
367,367,54,5,2024-04-16,2024-05-22,,36
367,367,139,4,2024-04-23,2024-06-30,,68
367,367,209,2,2024-04-21,2024-06-27,,67
367,367,234,2,2024-04-14,2024-06-13,,60
368,368,158,2,2024-04-15,2024-05-18,,33
368,368,97,3,2024-04-27,2024-07-17,,81
368,368,257,2,2024-04-22,2024-06-24,,63
368,368,90,1,2024-04-11,2024-05-28,,47
368,368,231,1,2024-04-10,2024-05-25,,45
368,368,163,5,2024-04-12,2024-06-28,,77
368,368,158,5,2024-04-09,2024-05-23,,44
369,369,66,4,2024-04-12,2024-06-04,,53
369,369,72,4,2024-05-02,2024-06-21,,50
369,369,191,1,2024-05-05,2024-07-04,,60
369,369,49,3,2024-04-06,2024-07-05,,90
369,369,35,3,2024-04-20,2024-06-21,,62
369,369,214,2,2024-04-16,2024-07-12,,87
369,369,253,2,2024-05-05,2024-06-16,,42
370,370,223,1,2024-04-18,2024-06-22,,65
370,370,190,2,2024-04-20,2024-05-21,,31
370,370,97,5,2024-04-17,2024-07-14,,88
370,370,114,5,2024-04-13,2024-06-23,,71
370,370,147,3,2024-04-28,2024-05-30,,32
371,371,251,5,2024-04-11,2024-05-26,,45
371,371,84,1,2024-04-28,2024-06-08,,41
372,372,33,4,2024-04-06,2024-06-14,,69
372,372,89,2,2024-04-19,2024-07-16,,88
372,372,121,4,2024-04-10,2024-06-06,,57
372,372,261,1,2024-04-26,2024-06-24,,59
372,372,186,2,2024-04-27,2024-07-18,,82
372,372,111,1,2024-05-01,2024-06-29,,59
372,372,90,2,2024-05-03,2024-07-01,,59
373,373,102,4,2024-04-25,2024-05-31,,36
373,373,103,4,2024-04-23,2024-05-24,,31
373,373,224,1,2024-05-04,2024-07-05,,62
373,373,262,5,2024-04-22,2024-06-21,,60
373,373,161,4,2024-04-28,2024-07-07,,70
373,373,144,1,2024-04-22,2024-06-20,,59
374,374,74,4,2024-04-18,2024-06-20,,63
374,374,88,5,2024-04-28,2024-07-13,,76
374,374,261,1,2024-04-08,2024-06-01,,54
374,374,185,1,2024-04-30,2024-07-23,,84
374,374,125,4,2024-05-03,2024-06-24,,52
374,374,207,5,2024-04-13,2024-07-08,,86
374,374,120,4,2024-04-24,2024-07-04,,71
375,375,258,3,2024-04-13,2024-05-26,,43
375,375,65,3,2024-04-16,2024-06-16,,61
375,375,197,4,2024-04-13,2024-05-21,,38
375,375,109,4,2024-04-09,2024-06-26,,78
375,375,37,2,2024-04-27,2024-07-11,,75
375,375,102,4,2024-04-17,2024-06-21,,65
376,376,178,5,2024-04-10,2024-05-28,,48
377,377,126,3,2024-05-02,2024-06-03,,32
377,377,251,4,2024-05-05,2024-06-19,,45
377,377,109,1,2024-05-03,2024-07-15,,73
377,377,66,3,2024-05-01,2024-06-06,,36
377,377,165,4,2024-04-07,2024-06-13,,67
377,377,37,1,2024-04-24,2024-06-12,,49
377,377,220,1,2024-04-29,2024-07-28,,90
377,377,212,3,2024-04-14,2024-05-29,,45
378,378,20,4,2024-04-17,2024-06-08,,52
378,378,37,5,2024-04-17,2024-05-19,,32
378,378,142,4,2024-05-02,2024-06-06,,35
378,378,212,1,2024-04-30,2024-07-14,,75
378,378,230,1,2024-04-06,2024-07-03,,88
379,379,34,2,2024-04-13,2024-05-31,,48
379,379,82,3,2024-04-23,2024-07-16,,84
379,379,84,2,2024-04-24,2024-07-12,,79
379,379,71,4,2024-04-09,2024-06-06,,58
379,379,165,5,2024-04-29,2024-06-05,,37
379,379,24,1,2024-04-27,2024-07-03,,67
380,380,139,2,2024-04-23,2024-07-05,,73
380,380,62,1,2024-04-29,2024-07-08,,70
380,380,107,4,2024-04-06,2024-06-20,,75
380,380,89,2,2024-04-13,2024-06-19,,67
380,380,217,4,2024-05-02,2024-07-07,,66
380,380,94,2,2024-05-02,2024-07-09,,68
380,380,143,3,2024-04-14,2024-05-29,,45
380,380,234,4,2024-04-23,2024-05-23,,30
381,381,148,3,2024-04-30,2024-05-30,,30
381,381,157,1,2024-05-01,2024-06-02,,32
381,381,232,1,2024-04-25,2024-05-31,,36
381,381,163,4,2024-04-14,2024-05-28,,44
381,381,40,3,2024-04-24,2024-06-27,,64
381,381,94,4,2024-04-12,2024-05-28,,46
381,381,102,1,2024-04-29,2024-07-08,,70
381,381,89,3,2024-04-13,2024-05-13,,30
382,382,157,2,2024-04-14,2024-05-18,,34
382,382,209,3,2024-04-14,2024-07-05,,82
382,382,31,4,2024-04-07,2024-06-18,,72
382,382,247,5,2024-04-26,2024-06-20,,55
382,382,258,1,2024-04-08,2024-06-07,,60
382,382,134,3,2024-04-21,2024-05-27,,36
383,383,191,3,2024-05-04,2024-07-17,,74
383,383,43,5,2024-05-04,2024-06-23,,50
383,383,20,1,2024-04-25,2024-06-21,,57
383,383,261,1,2024-04-26,2024-07-04,,69
383,383,114,5,2024-04-17,2024-06-12,,56
383,383,31,1,2024-04-24,2024-07-09,,76
383,383,14,4,2024-04-19,2024-06-28,,70
384,384,109,4,2024-04-26,2024-06-23,,58
384,384,145,2,2024-04-17,2024-06-09,,53
384,384,235,1,2024-04-24,2024-07-06,,73
385,385,255,2,2024-04-30,2024-05-30,,30
386,386,4,1,2024-05-03,2024-07-23,,81
386,386,258,5,2024-04-25,2024-05-27,,32
386,386,145,4,2024-05-01,2024-06-11,,41
387,387,142,5,2024-04-18,2024-06-13,,56
388,388,159,3,2024-05-05,2024-07-19,,75
388,388,206,5,2024-05-01,2024-06-15,,45
388,388,217,4,2024-04-19,2024-07-10,,82
388,388,154,2,2024-04-06,2024-05-08,,32
388,388,186,2,2024-04-22,2024-05-22,,30
388,388,224,4,2024-04-22,2024-05-25,,33
389,389,197,4,2024-04-20,2024-07-10,,81
389,389,147,3,2024-04-19,2024-05-24,,35
389,389,101,3,2024-04-21,2024-06-23,,63
389,389,73,5,2024-04-10,2024-06-05,,56
389,389,18,5,2024-04-09,2024-06-02,,54
389,389,254,3,2024-04-08,2024-05-21,,43
390,390,174,5,2024-04-10,2024-05-29,,49
390,390,258,2,2024-05-01,2024-07-16,,76
390,390,224,3,2024-04-20,2024-06-12,,53
390,390,220,4,2024-04-06,2024-05-30,,54
390,390,65,1,2024-04-28,2024-06-12,,45
391,391,112,3,2024-05-02,2024-07-15,,74
391,391,163,3,2024-04-12,2024-05-16,,34
391,391,236,2,2024-04-28,2024-06-14,,47
391,391,147,4,2024-04-09,2024-06-20,,72
391,391,239,4,2024-04-18,2024-07-03,,76
391,391,139,1,2024-04-10,2024-05-31,,51
391,391,31,2,2024-04-30,2024-07-02,,63
392,392,88,5,2024-04-13,2024-06-09,,57
392,392,174,1,2024-04-06,2024-06-05,,60
392,392,253,4,2024-04-17,2024-05-24,,37
392,392,79,4,2024-04-29,2024-06-07,,39
392,392,211,1,2024-04-19,2024-05-31,,42
392,392,163,4,2024-04-08,2024-06-22,,75
393,393,102,2,2024-04-10,2024-05-14,,34
394,394,118,1,2024-05-01,2024-06-14,,44
394,394,145,5,2024-04-07,2024-05-25,,48
394,394,112,5,2024-04-06,2024-06-08,,63
394,394,79,5,2024-04-12,2024-07-01,,80
395,395,58,1,2024-05-05,2024-07-24,,80
395,395,127,5,2024-04-10,2024-06-14,,65
396,396,114,3,2024-04-13,2024-06-27,,75
396,396,81,2,2024-04-28,2024-06-28,,61
396,396,58,3,2024-04-14,2024-05-25,,41
396,396,249,2,2024-04-25,2024-07-23,,89
396,396,144,1,2024-04-12,2024-06-28,,77
397,397,186,4,2024-04-12,2024-05-17,,35
397,397,145,5,2024-04-10,2024-06-30,,81
397,397,65,1,2024-04-26,2024-07-22,,87
397,397,88,1,2024-04-18,2024-07-09,,82
397,397,159,1,2024-05-01,2024-07-15,,75
397,397,75,3,2024-04-16,2024-07-12,,87
397,397,197,1,2024-05-02,2024-07-30,,89
397,397,127,5,2024-04-24,2024-07-10,,77
397,397,109,5,2024-05-01,2024-07-26,,86
398,398,231,1,2024-04-17,2024-05-31,,44
398,398,261,5,2024-04-28,2024-06-06,,39
398,398,78,5,2024-04-15,2024-05-30,,45
398,398,125,4,2024-04-06,2024-05-27,,51
398,398,257,3,2024-04-07,2024-06-07,,61
398,398,75,1,2024-04-25,2024-06-12,,48
398,398,158,3,2024-04-06,2024-05-19,,43
399,399,79,2,2024-04-28,2024-07-21,,84
399,399,220,5,2024-04-20,2024-06-16,,57
399,399,66,1,2024-04-07,2024-06-06,,60
399,399,101,3,2024-04-09,2024-06-17,,69
400,400,101,2,2024-05-05,2024-07-17,,73
400,400,147,4,2024-04-23,2024-06-06,,44
400,400,254,5,2024-04-12,2024-06-01,,50
400,400,230,4,2024-04-08,2024-06-06,,59
400,400,84,3,2024-05-03,2024-07-15,,73
400,400,219,2,2024-04-29,2024-06-22,,54
400,400,247,2,2024-04-13,2024-05-19,,36
400,400,78,4,2024-04-23,2024-06-03,,41
400,400,66,1,2024-04-14,2024-05-24,,40
401,401,97,4,2024-04-11,2024-06-25,,75
401,401,219,3,2024-04-29,2024-07-25,,87
401,401,201,1,2024-04-23,2024-07-03,,71
401,401,73,5,2024-04-16,2024-06-29,,74
401,401,234,4,2024-05-05,2024-07-15,,71
402,402,36,5,2024-05-03,2024-06-21,,49
402,402,101,2,2024-04-22,2024-07-07,,76
402,402,111,2,2024-04-19,2024-06-23,,65
402,402,247,2,2024-04-10,2024-05-12,,32
402,402,147,2,2024-04-28,2024-06-11,,44
402,402,186,3,2024-04-21,2024-07-11,,81
403,403,243,5,2024-04-17,2024-05-21,,34
403,403,89,4,2024-04-20,2024-05-25,,35
403,403,75,1,2024-04-21,2024-05-26,,35
403,403,242,3,2024-04-13,2024-06-26,,74
404,404,220,2,2024-04-20,2024-06-04,,45
404,404,154,3,2024-04-06,2024-06-25,,80
404,404,159,1,2024-04-24,2024-07-04,,71
405,405,206,2,2024-04-18,2024-05-21,,33
405,405,148,5,2024-04-22,2024-07-02,,71
405,405,258,1,2024-04-18,2024-07-14,,87
405,405,18,5,2024-04-16,2024-06-22,,67
405,405,242,3,2024-04-06,2024-06-13,,68
405,405,154,5,2024-05-02,2024-07-14,,73
405,405,243,5,2024-05-05,2024-07-24,,80
406,406,139,3,2024-05-03,2024-07-24,,82
406,406,191,2,2024-04-20,2024-05-21,,31
406,406,84,3,2024-04-26,2024-07-20,,85
406,406,198,2,2024-04-25,2024-07-07,,73
407,407,142,1,2024-04-28,2024-06-02,,35
407,407,222,2,2024-04-23,2024-06-18,,56
407,407,178,3,2024-05-03,2024-07-28,,86
407,407,49,5,2024-05-04,2024-07-14,,71
407,407,37,5,2024-04-28,2024-05-30,,32
407,407,214,5,2024-04-30,2024-06-19,,50
407,407,34,1,2024-04-12,2024-05-23,,41
407,407,14,3,2024-04-28,2024-05-31,,33
407,407,149,5,2024-04-25,2024-07-15,,81
408,408,148,1,2024-04-17,2024-06-03,,47
408,408,54,5,2024-04-14,2024-07-04,,81
408,408,133,4,2024-04-12,2024-06-23,,72
408,408,120,2,2024-04-15,2024-06-17,,63
408,408,49,5,2024-04-10,2024-05-23,,43
408,408,118,5,2024-04-15,2024-06-07,,53
408,408,258,2,2024-05-05,2024-07-03,,59
408,408,158,1,2024-04-08,2024-07-03,,86
409,409,37,4,2024-04-19,2024-05-26,,37
409,409,109,5,2024-04-25,2024-06-15,,51
409,409,37,3,2024-04-28,2024-06-03,,36
409,409,49,1,2024-04-20,2024-05-29,,39
409,409,103,4,2024-04-27,2024-07-19,,83
409,409,154,4,2024-04-09,2024-06-07,,59
409,409,73,1,2024-04-12,2024-06-17,,66
409,409,89,5,2024-04-19,2024-07-07,,79
409,409,66,3,2024-04-25,2024-05-30,,35
409,409,120,3,2024-04-27,2024-06-13,,47
409,409,169,3,2024-04-20,2024-05-28,,38
410,410,239,3,2024-04-21,2024-07-15,,85
410,410,102,3,2024-04-07,2024-05-11,,34
410,410,251,3,2024-04-16,2024-05-16,,30
410,410,248,1,2024-04-11,2024-06-02,,52
410,410,163,3,2024-04-09,2024-05-24,,45
410,410,217,5,2024-04-23,2024-06-23,,61
410,410,245,3,2024-04-29,2024-06-13,,45
410,410,243,1,2024-04-10,2024-06-20,,71
410,410,149,3,2024-04-16,2024-05-24,,38
410,410,77,4,2024-04-23,2024-06-07,,45
411,411,147,5,2024-04-08,2024-06-16,,69
411,411,191,2,2024-05-05,2024-06-11,,37
412,412,118,1,2024-05-01,2024-07-02,,62
412,412,200,4,2024-04-13,2024-06-13,,61
412,412,159,1,2024-04-16,2024-07-08,,83
412,412,10,5,2024-04-21,2024-06-19,,59
412,412,255,2,2024-04-25,2024-06-28,,64
413,413,143,1,2024-04-12,2024-06-22,,71
413,413,159,2,2024-04-23,2024-06-06,,44
413,413,188,5,2024-05-04,2024-07-19,,76
414,414,127,3,2024-04-13,2024-06-26,,74
414,414,217,4,2024-04-28,2024-07-22,,85
414,414,97,1,2024-05-05,2024-07-30,,86
414,414,109,5,2024-05-03,2024-07-05,,63
414,414,121,5,2024-04-18,2024-06-05,,48
415,415,49,5,2024-04-08,2024-06-25,,78
415,415,134,3,2024-04-10,2024-05-14,,34
415,415,120,3,2024-04-27,2024-06-19,,53
415,415,20,3,2024-04-19,2024-06-29,,71
415,415,230,5,2024-04-18,2024-06-20,,63
416,416,102,2,2024-04-26,2024-07-08,,73
416,416,36,4,2024-04-08,2024-05-30,,52
416,416,245,3,2024-04-29,2024-07-24,,86
417,417,244,5,2024-04-20,2024-05-21,,31
417,417,239,5,2024-05-04,2024-06-20,,47
417,417,207,1,2024-04-13,2024-06-15,,63
417,417,58,3,2024-05-04,2024-07-14,,71
417,417,33,2,2024-04-11,2024-05-11,,30
417,417,251,3,2024-04-20,2024-07-09,,80
417,417,201,2,2024-04-28,2024-07-19,,82
417,417,43,4,2024-04-10,2024-07-02,,83
418,418,49,3,2024-04-26,2024-06-07,,42
418,418,54,2,2024-04-12,2024-06-15,,64
418,418,33,1,2024-04-29,2024-06-17,,49
418,418,214,4,2024-04-14,2024-07-13,,90
419,419,230,1,2024-04-26,2024-07-08,,73
419,419,84,3,2024-04-18,2024-05-18,,30
419,419,16,5,2024-05-04,2024-08-01,,89
419,419,134,2,2024-04-17,2024-05-26,,39
419,419,178,4,2024-04-16,2024-06-16,,61
420,420,211,5,2024-04-28,2024-06-21,,54
420,420,161,3,2024-05-03,2024-06-04,,32
420,420,133,2,2024-05-05,2024-07-20,,76
421,421,191,5,2024-04-10,2024-06-01,,52
421,421,10,3,2024-04-14,2024-06-17,,64
421,421,186,1,2024-04-13,2024-05-13,,30
422,422,58,2,2024-04-28,2024-05-30,,32
422,422,154,3,2024-04-25,2024-07-20,,86
422,422,258,4,2024-04-09,2024-07-02,,84
423,423,212,4,2024-04-16,2024-05-16,,30
423,423,65,5,2024-04-21,2024-06-22,,62
423,423,149,2,2024-04-07,2024-05-15,,38
423,423,94,5,2024-04-18,2024-06-12,,55
423,423,126,2,2024-04-23,2024-05-27,,34
424,424,123,3,2024-04-11,2024-07-09,,89
424,424,186,1,2024-04-26,2024-05-28,,32
424,424,157,1,2024-04-19,2024-06-22,,64
425,425,16,5,2024-04-23,2024-06-20,,58
425,425,52,1,2024-04-25,2024-06-02,,38
425,425,207,4,2024-05-03,2024-07-13,,71
425,425,118,4,2024-04-14,2024-05-15,,31
426,426,65,3,2024-04-10,2024-05-30,,50
426,426,157,2,2024-04-09,2024-06-02,,54
426,426,214,4,2024-04-07,2024-05-12,,35
426,426,139,5,2024-04-14,2024-06-27,,74
426,426,139,3,2024-04-16,2024-06-06,,51
426,426,102,4,2024-05-03,2024-07-03,,61
426,426,236,5,2024-04-08,2024-06-12,,65
426,426,94,5,2024-05-02,2024-06-02,,31
426,426,145,2,2024-04-26,2024-06-24,,59
426,426,103,2,2024-05-02,2024-07-13,,72
426,426,157,5,2024-04-29,2024-07-11,,73
427,427,157,2,2024-04-19,2024-06-06,,48
427,427,149,2,2024-04-07,2024-06-15,,69
427,427,52,4,2024-04-09,2024-06-16,,68
428,428,214,5,2024-04-23,2024-07-07,,75
428,428,84,1,2024-04-08,2024-07-04,,87
428,428,84,3,2024-04-27,2024-06-13,,47
428,428,58,1,2024-04-10,2024-06-02,,53
429,429,219,1,2024-05-01,2024-06-07,,37
429,429,145,4,2024-04-06,2024-06-17,,72
429,429,109,5,2024-04-29,2024-06-14,,46
429,429,71,5,2024-05-05,2024-06-10,,36
429,429,147,1,2024-04-20,2024-07-17,,88
429,429,18,2,2024-04-16,2024-07-08,,83
430,430,230,2,2024-04-06,2024-05-12,,36
430,430,72,4,2024-04-18,2024-07-03,,76
430,430,75,3,2024-04-19,2024-07-18,,90
430,430,81,1,2024-04-25,2024-07-17,,83
430,430,103,5,2024-04-16,2024-07-15,,90
431,431,123,2,2024-04-15,2024-07-09,,85
431,431,234,2,2024-04-08,2024-05-18,,40
431,431,133,4,2024-04-06,2024-06-05,,60
431,431,206,2,2024-04-15,2024-06-16,,62
432,432,157,1,2024-04-15,2024-05-26,,41
432,432,33,1,2024-04-30,2024-07-29,,90
432,432,35,1,2024-04-18,2024-07-09,,82
432,432,145,1,2024-05-03,2024-07-19,,77
432,432,211,4,2024-04-19,2024-05-21,,32
432,432,258,2,2024-04-22,2024-07-07,,76
433,433,75,5,2024-04-19,2024-06-20,,62
433,433,258,3,2024-04-18,2024-05-29,,41
433,433,185,5,2024-04-23,2024-07-02,,70
434,434,217,2,2024-04-10,2024-06-24,,75
434,434,18,1,2024-04-14,2024-06-02,,49
434,434,139,4,2024-04-27,2024-06-19,,53
434,434,118,4,2024-04-22,2024-06-28,,67
435,435,147,4,2024-04-26,2024-07-22,,87
435,435,34,2,2024-05-02,2024-07-22,,81
435,435,94,3,2024-04-27,2024-06-06,,40
435,435,89,3,2024-04-30,2024-07-28,,89
435,435,144,2,2024-04-16,2024-05-23,,37
436,436,88,5,2024-04-25,2024-06-25,,61
436,436,133,4,2024-04-13,2024-06-17,,65
436,436,112,5,2024-05-04,2024-07-28,,85
436,436,72,1,2024-04-20,2024-05-29,,39
436,436,178,2,2024-04-16,2024-07-04,,79
437,437,145,4,2024-04-22,2024-06-05,,44
437,437,139,1,2024-05-05,2024-07-06,,62
437,437,157,2,2024-04-18,2024-06-18,,61
437,437,74,2,2024-05-05,2024-06-11,,37
438,438,35,3,2024-05-04,2024-07-03,,60
438,438,186,1,2024-04-06,2024-06-22,,77
439,439,36,3,2024-04-12,2024-05-23,,41
439,439,134,5,2024-04-18,2024-07-11,,84
439,439,41,4,2024-04-27,2024-06-22,,56
439,439,4,2,2024-04-22,2024-05-27,,35
439,439,230,5,2024-04-17,2024-07-13,,87
439,439,186,1,2024-04-12,2024-05-14,,32
439,439,247,3,2024-04-28,2024-06-01,,34
440,440,77,3,2024-04-16,2024-06-09,,54
440,440,231,4,2024-04-12,2024-07-05,,84
440,440,97,1,2024-04-13,2024-05-14,,31
440,440,122,2,2024-04-08,2024-07-04,,87
440,440,126,4,2024-04-17,2024-05-26,,39
441,441,66,4,2024-04-18,2024-07-14,,87
441,441,217,1,2024-04-12,2024-05-17,,35
441,441,10,3,2024-04-07,2024-06-25,,79
441,441,31,3,2024-04-09,2024-05-31,,52
441,441,145,2,2024-04-30,2024-06-02,,33
442,442,79,2,2024-04-22,2024-06-21,,60
442,442,118,5,2024-05-05,2024-07-02,,58
442,442,188,1,2024-04-26,2024-06-19,,54
442,442,112,4,2024-05-01,2024-06-12,,42
442,442,232,3,2024-04-25,2024-06-29,,65
442,442,33,2,2024-04-11,2024-06-05,,55
443,443,169,1,2024-04-17,2024-07-01,,75
443,443,158,3,2024-04-15,2024-05-24,,39
443,443,161,4,2024-04-13,2024-06-17,,65
443,443,62,3,2024-04-21,2024-07-12,,82
443,443,147,3,2024-04-17,2024-06-01,,45
443,443,77,5,2024-04-23,2024-06-20,,58
444,444,89,5,2024-04-30,2024-07-23,,84
444,444,235,3,2024-04-26,2024-07-09,,74
444,444,52,5,2024-04-27,2024-06-26,,60
444,444,206,1,2024-04-19,2024-06-01,,43
444,444,114,2,2024-05-04,2024-06-07,,34
444,444,133,3,2024-04-29,2024-07-20,,82
444,444,230,5,2024-05-05,2024-07-16,,72
445,445,81,2,2024-04-27,2024-06-28,,62
445,445,114,1,2024-04-19,2024-06-13,,55
445,445,153,1,2024-04-16,2024-05-16,,30
445,445,126,1,2024-04-09,2024-06-21,,73
445,445,235,5,2024-04-28,2024-07-17,,80
445,445,40,2,2024-04-11,2024-06-28,,78
446,446,87,4,2024-04-23,2024-06-26,,64
446,446,244,3,2024-04-18,2024-07-10,,83
446,446,24,1,2024-04-18,2024-06-13,,56
446,446,211,5,2024-04-23,2024-07-20,,88
447,447,191,1,2024-05-02,2024-07-23,,82
447,447,118,4,2024-04-27,2024-07-25,,89
447,447,81,4,2024-04-27,2024-06-27,,61
447,447,234,2,2024-05-01,2024-07-22,,82
447,447,253,5,2024-04-08,2024-07-03,,86
447,447,190,1,2024-04-06,2024-07-04,,89
447,447,49,4,2024-04-18,2024-05-19,,31
447,447,244,3,2024-04-25,2024-06-21,,57
448,448,90,5,2024-04-28,2024-07-26,,89
448,448,209,4,2024-04-22,2024-06-07,,46
448,448,24,3,2024-04-23,2024-06-03,,41
449,449,258,5,2024-04-17,2024-05-25,,38
449,449,123,4,2024-04-07,2024-06-28,,82
450,450,153,4,2024-04-25,2024-05-28,,33
450,450,223,4,2024-05-01,2024-06-30,,60
450,450,154,2,2024-04-15,2024-05-23,,38
451,451,239,4,2024-04-28,2024-07-03,,66
451,451,158,3,2024-04-14,2024-06-23,,70
452,452,31,1,2024-05-01,2024-07-02,,62
452,452,107,3,2024-04-19,2024-06-24,,66
452,452,145,5,2024-04-06,2024-06-14,,69
452,452,143,4,2024-05-04,2024-06-27,,54
452,452,236,3,2024-04-18,2024-05-19,,31
452,452,62,3,2024-04-19,2024-07-03,,75
453,453,174,1,2024-04-24,2024-06-11,,48
453,453,78,5,2024-04-13,2024-07-05,,83
453,453,31,3,2024-04-21,2024-07-19,,89
453,453,251,2,2024-04-06,2024-06-08,,63
453,453,174,1,2024-05-01,2024-07-11,,71
453,453,114,4,2024-04-14,2024-06-27,,74
453,453,102,3,2024-04-26,2024-07-11,,76
454,454,253,1,2024-05-03,2024-07-12,,70
454,454,72,4,2024-04-14,2024-06-23,,70
454,454,239,4,2024-04-26,2024-06-10,,45
454,454,103,4,2024-05-04,2024-06-03,,30
454,454,153,4,2024-04-11,2024-07-09,,89
454,454,244,1,2024-04-27,2024-06-03,,37
454,454,235,1,2024-04-06,2024-06-03,,58
455,455,43,1,2024-04-17,2024-07-16,,90
456,456,185,4,2024-04-20,2024-06-06,,47
456,456,94,3,2024-04-16,2024-06-03,,48
456,456,109,3,2024-04-27,2024-06-28,,62
457,457,90,1,2024-04-17,2024-06-20,,64
457,457,158,2,2024-04-07,2024-06-09,,63
457,457,154,1,2024-04-07,2024-07-02,,86
458,458,161,5,2024-04-25,2024-06-28,,64
458,458,247,4,2024-04-07,2024-05-22,,45
459,459,58,1,2024-05-03,2024-06-09,,37
459,459,220,2,2024-04-21,2024-06-02,,42
459,459,87,3,2024-04-15,2024-06-30,,76
460,460,198,3,2024-04-16,2024-05-23,,37
460,460,121,4,2024-04-28,2024-07-22,,85
460,460,165,3,2024-05-04,2024-06-30,,57
460,460,74,2,2024-05-02,2024-07-22,,81
460,460,157,4,2024-04-15,2024-06-09,,55
460,460,41,3,2024-05-03,2024-06-06,,34
460,460,34,1,2024-04-10,2024-07-05,,86
461,461,248,3,2024-04-20,2024-07-02,,73
461,461,111,4,2024-04-29,2024-07-21,,83
461,461,211,2,2024-05-02,2024-07-17,,76
461,461,107,1,2024-04-26,2024-06-14,,49
461,461,35,1,2024-04-20,2024-05-26,,36
461,461,10,5,2024-04-06,2024-05-22,,46
462,462,62,2,2024-04-12,2024-06-16,,65
462,462,174,2,2024-04-19,2024-06-27,,69
462,462,84,3,2024-04-13,2024-05-27,,44
462,462,144,5,2024-04-27,2024-06-08,,42
462,462,75,1,2024-04-26,2024-07-16,,81
462,462,242,5,2024-04-18,2024-05-27,,39
463,463,261,2,2024-04-12,2024-06-10,,59
463,463,147,1,2024-05-04,2024-07-29,,86
463,463,133,3,2024-04-27,2024-07-06,,70
463,463,14,3,2024-04-18,2024-06-21,,64
464,464,101,3,2024-04-06,2024-06-06,,61
464,464,248,4,2024-04-26,2024-06-15,,50
464,464,230,2,2024-04-29,2024-07-09,,71
464,464,257,5,2024-04-13,2024-05-22,,39
464,464,122,1,2024-04-29,2024-07-20,,82
465,465,127,3,2024-04-19,2024-06-15,,57
465,465,97,4,2024-04-25,2024-05-29,,34
465,465,254,2,2024-04-16,2024-05-18,,32
465,465,212,2,2024-04-13,2024-07-11,,89
465,465,123,1,2024-04-19,2024-05-22,,33
465,465,40,3,2024-04-16,2024-06-17,,62
466,466,206,5,2024-05-03,2024-07-11,,69
466,466,145,5,2024-04-07,2024-05-27,,50
466,466,18,2,2024-04-12,2024-06-05,,54
466,466,214,2,2024-04-06,2024-06-17,,72
466,466,35,5,2024-04-10,2024-06-15,,66
467,467,125,3,2024-04-25,2024-07-08,,74
467,467,185,4,2024-04-24,2024-07-16,,83
467,467,142,2,2024-04-10,2024-06-12,,63
467,467,121,5,2024-04-26,2024-06-18,,53
468,468,188,3,2024-04-21,2024-07-07,,77
468,468,245,1,2024-04-30,2024-06-14,,45
468,468,186,2,2024-04-13,2024-06-10,,58
469,469,40,5,2024-04-08,2024-05-27,,49
469,469,118,3,2024-05-03,2024-07-30,,88
470,470,198,3,2024-04-26,2024-07-13,,78
470,470,255,3,2024-04-25,2024-06-26,,62
471,471,257,3,2024-05-02,2024-06-27,,56
471,471,254,2,2024-05-05,2024-06-04,,30
471,471,248,1,2024-04-14,2024-07-02,,79
471,471,235,3,2024-04-29,2024-06-27,,59
471,471,89,5,2024-04-19,2024-06-15,,57
471,471,224,3,2024-04-18,2024-06-14,,57
471,471,114,5,2024-04-07,2024-06-22,,76
471,471,81,5,2024-04-25,2024-05-27,,32
471,471,253,1,2024-04-20,2024-06-15,,56
471,471,201,2,2024-04-20,2024-06-12,,53
472,472,84,4,2024-04-06,2024-06-20,,75
472,472,145,1,2024-04-21,2024-07-12,,82
473,473,87,1,2024-04-09,2024-07-03,,85
473,473,244,5,2024-04-24,2024-05-24,,30
473,473,254,3,2024-04-15,2024-05-19,,34
473,473,153,1,2024-04-06,2024-05-08,,32
473,473,121,4,2024-04-09,2024-06-22,,74
473,473,244,2,2024-04-20,2024-06-04,,45
474,474,41,2,2024-04-08,2024-05-11,,33
474,474,211,5,2024-04-23,2024-05-23,,30
474,474,149,2,2024-04-25,2024-06-24,,60
474,474,249,4,2024-04-06,2024-05-28,,52
475,475,254,3,2024-04-24,2024-06-15,,52
475,475,37,3,2024-05-02,2024-07-20,,79
475,475,158,5,2024-04-24,2024-07-10,,77
475,475,262,4,2024-04-09,2024-06-01,,53
475,475,143,5,2024-04-08,2024-06-26,,79
476,476,143,5,2024-04-27,2024-07-08,,72
476,476,145,4,2024-04-20,2024-06-04,,45
476,476,178,3,2024-04-23,2024-07-20,,88
476,476,84,5,2024-04-22,2024-07-07,,76
476,476,40,5,2024-04-10,2024-06-29,,80
476,476,257,4,2024-04-29,2024-07-01,,63
477,477,10,2,2024-05-01,2024-07-28,,88
477,477,72,5,2024-04-25,2024-05-29,,34
477,477,127,5,2024-05-04,2024-07-27,,84
477,477,97,1,2024-04-27,2024-07-20,,84
477,477,178,3,2024-04-06,2024-06-07,,62
477,477,76,3,2024-04-21,2024-06-17,,57
478,478,153,4,2024-04-24,2024-06-23,,60
478,478,122,2,2024-04-27,2024-06-25,,59
478,478,188,1,2024-04-11,2024-06-27,,77
478,478,157,4,2024-04-26,2024-06-19,,54
478,478,112,4,2024-05-04,2024-07-27,,84
478,478,84,3,2024-04-10,2024-06-02,,53
478,478,58,5,2024-04-09,2024-06-04,,56
479,479,126,1,2024-04-15,2024-06-21,,67
479,479,72,4,2024-04-09,2024-05-27,,48
479,479,133,4,2024-04-11,2024-07-06,,86
480,480,220,2,2024-04-20,2024-06-16,,57
480,480,236,1,2024-04-19,2024-07-13,,85
480,480,41,5,2024-05-01,2024-06-01,,31
480,480,73,5,2024-04-23,2024-07-15,,83
481,481,243,4,2024-04-19,2024-06-11,,53
481,481,94,4,2024-04-08,2024-06-29,,82
481,481,201,1,2024-05-04,2024-07-27,,84
481,481,255,3,2024-04-16,2024-07-01,,76
482,482,222,5,2024-04-12,2024-06-06,,55
482,482,123,3,2024-04-16,2024-06-29,,74
482,482,242,5,2024-04-16,2024-06-06,,51
482,482,178,5,2024-04-25,2024-06-05,,41
482,482,4,3,2024-04-29,2024-06-14,,46
482,482,120,2,2024-04-12,2024-06-10,,59
482,482,251,5,2024-04-29,2024-05-29,,30
483,483,139,5,2024-04-18,2024-06-05,,48
483,483,201,1,2024-04-15,2024-06-11,,57
483,483,133,3,2024-04-13,2024-06-16,,64
483,483,214,3,2024-04-07,2024-05-12,,35
483,483,214,5,2024-04-26,2024-07-25,,90
483,483,139,1,2024-04-10,2024-07-07,,88
484,484,123,3,2024-04-21,2024-06-14,,54
484,484,224,5,2024-04-17,2024-05-24,,37
484,484,214,5,2024-04-26,2024-07-06,,71
485,485,35,5,2024-04-13,2024-06-13,,61
485,485,87,4,2024-04-25,2024-05-31,,36
485,485,174,4,2024-04-28,2024-06-11,,44
485,485,157,5,2024-04-26,2024-06-03,,38
485,485,147,4,2024-04-26,2024-07-06,,71
485,485,54,5,2024-04-07,2024-07-01,,85
485,485,222,2,2024-04-27,2024-06-26,,60
486,486,18,1,2024-04-18,2024-07-15,,88
486,486,232,3,2024-05-03,2024-08-01,,90
486,486,34,2,2024-04-21,2024-07-13,,83
486,486,230,2,2024-04-08,2024-07-01,,84
486,486,54,4,2024-04-20,2024-05-27,,37
486,486,58,1,2024-04-19,2024-06-23,,65
486,486,222,2,2024-04-29,2024-07-13,,75
487,487,77,1,2024-04-22,2024-05-26,,34
487,487,190,4,2024-04-26,2024-07-01,,66
487,487,126,1,2024-04-17,2024-07-04,,78
487,487,262,2,2024-04-17,2024-05-22,,35
488,488,222,1,2024-04-08,2024-06-09,,62
488,488,214,3,2024-04-09,2024-07-08,,90
488,488,257,2,2024-04-19,2024-05-22,,33
488,488,248,1,2024-04-13,2024-06-23,,71
489,489,145,5,2024-04-23,2024-07-22,,90
489,489,103,5,2024-04-16,2024-06-22,,67
489,489,248,3,2024-04-18,2024-05-19,,31
489,489,31,1,2024-05-02,2024-07-29,,88
489,489,66,3,2024-04-24,2024-06-21,,58
489,489,249,4,2024-04-21,2024-06-10,,50
489,489,217,3,2024-04-15,2024-06-05,,51
490,490,249,5,2024-04-18,2024-06-22,,65
490,490,78,5,2024-04-08,2024-05-15,,37
490,490,90,1,2024-04-26,2024-07-04,,69
490,490,142,4,2024-04-13,2024-05-24,,41
490,490,66,2,2024-04-18,2024-06-14,,57
490,490,239,3,2024-04-16,2024-07-04,,79
490,490,73,5,2024-04-29,2024-07-21,,83
490,490,178,3,2024-04-30,2024-07-18,,79
491,491,191,2,2024-04-22,2024-07-21,,90
491,491,66,5,2024-04-09,2024-06-04,,56
491,491,31,1,2024-04-06,2024-07-04,,89
491,491,200,3,2024-05-03,2024-06-10,,38
491,491,217,2,2024-04-16,2024-05-27,,41
491,491,10,4,2024-04-19,2024-07-11,,83
491,491,79,2,2024-04-18,2024-06-05,,48
492,492,70,1,2024-04-28,2024-07-05,,68
492,492,207,5,2024-04-24,2024-07-19,,86
492,492,18,3,2024-04-09,2024-06-25,,77
492,492,242,2,2024-04-07,2024-07-02,,86
492,492,63,2,2024-04-22,2024-06-08,,47
493,493,37,2,2024-04-29,2024-07-18,,80
493,493,107,3,2024-04-27,2024-07-24,,88
493,493,4,3,2024-04-13,2024-07-06,,84
493,493,232,5,2024-04-06,2024-06-13,,68
493,493,251,4,2024-04-17,2024-05-23,,36
493,493,258,5,2024-04-30,2024-06-02,,33
493,493,139,5,2024-04-10,2024-05-11,,31
493,493,24,3,2024-05-03,2024-06-12,,40
493,493,79,1,2024-04-25,2024-07-13,,79
494,494,102,5,2024-04-14,2024-05-29,,45
494,494,20,1,2024-04-16,2024-05-24,,38
494,494,232,3,2024-04-13,2024-05-28,,45
494,494,125,5,2024-04-18,2024-07-01,,74
494,494,190,2,2024-04-28,2024-05-30,,32
495,495,236,2,2024-04-09,2024-05-09,,30
495,495,158,3,2024-04-08,2024-05-10,,32
495,495,217,5,2024-04-17,2024-06-01,,45
495,495,159,2,2024-04-21,2024-07-11,,81
495,495,148,2,2024-04-06,2024-06-11,,66
495,495,188,5,2024-04-19,2024-07-18,,90
496,496,87,1,2024-04-07,2024-05-13,,36
496,496,236,5,2024-04-18,2024-07-15,,88
496,496,37,1,2024-04-27,2024-06-21,,55
496,496,244,2,2024-04-13,2024-06-13,,61
497,497,244,2,2024-04-23,2024-06-02,,40
497,497,186,3,2024-04-06,2024-06-10,,65
497,497,234,3,2024-04-24,2024-06-08,,45
497,497,88,5,2024-05-01,2024-07-02,,62
497,497,190,5,2024-04-17,2024-06-10,,54
497,497,153,3,2024-05-05,2024-07-11,,67
498,498,62,1,2024-04-27,2024-07-01,,65
498,498,243,4,2024-05-02,2024-07-19,,78
499,499,94,1,2024-05-04,2024-07-13,,70
499,499,142,2,2024-04-20,2024-07-14,,85
500,500,126,1,2024-04-26,2024-06-06,,41
500,500,200,3,2024-05-01,2024-07-05,,65
500,500,239,1,2024-04-09,2024-05-11,,32
500,500,120,1,2024-04-24,2024-06-08,,45
500,500,82,4,2024-05-02,2024-07-21,,80
