shopping_list_id,user_id,food_id,quantity
1,173,2,8
2,48,189,8
3,118,83,8
4,193,63,9
5,324,140,2
6,252,178,1
7,196,192,9
8,360,117,3
9,10,104,8
10,212,138,6
11,278,25,3
12,243,69,9
13,293,27,10
14,88,53,7
15,71,108,8
16,473,55,6
17,89,158,2
18,397,130,6
19,315,1,5
20,194,16,3
21,487,162,3
22,40,161,3
23,88,198,7
24,175,159,2
25,89,106,4
26,338,176,10
27,166,59,7
28,26,118,8
29,334,136,9
30,73,159,4
31,266,86,2
32,405,31,9
33,116,170,4
34,465,9,8
35,244,66,6
36,198,110,5
37,336,9,7
38,432,50,5
39,449,117,4
40,339,65,6
41,100,92,8
42,473,51,3
43,178,177,9
44,244,158,6
45,286,72,8
46,148,27,4
47,148,143,10
48,399,122,1
49,424,20,3
50,289,127,9
51,450,137,6
52,266,40,2
53,186,158,7
54,128,24,9
55,33,78,2
56,32,41,4
57,203,130,8
58,245,90,1
59,152,31,3
60,164,170,1
61,460,81,6
62,371,125,5
63,184,63,6
64,29,76,7
65,291,104,8
66,129,72,1
67,129,103,8
68,421,38,8
69,54,44,5
70,390,188,9
71,39,165,9
72,489,161,5
73,245,74,4
74,274,145,4
75,336,164,2
76,389,132,10
77,106,40,7
78,43,166,3
79,443,4,5
80,32,169,7
81,377,59,10
82,258,130,10
83,322,4,10
84,488,12,3
85,426,132,6
86,58,111,9
87,292,188,9
88,359,141,6
89,120,97,1
90,268,168,5
91,431,51,9
92,83,1,3
93,92,55,10
94,385,55,6
95,399,112,1
96,100,88,10
97,54,200,5
98,397,188,4
99,122,66,8
100,427,14,3
101,85,185,3
102,204,31,1
103,325,86,1
104,263,82,9
105,453,152,7
106,48,164,3
107,128,162,6
108,132,135,2
109,461,25,8
110,357,35,10
111,181,105,5
112,489,186,1
113,335,103,4
114,144,153,6
115,149,6,7
116,228,177,6
117,443,154,6
118,280,197,2
119,208,39,1
120,398,129,8
121,374,60,4
122,342,74,4
123,49,179,2
124,306,29,5
125,70,144,9
126,170,195,6
127,164,37,9
128,449,136,7
129,96,160,8
130,198,172,6
131,95,42,1
132,257,29,5
133,370,127,4
134,179,183,9
135,293,53,6
136,419,119,7
137,305,171,6
138,350,160,6
139,388,87,1
140,99,58,1
141,43,24,8
142,462,125,8
143,369,69,9
144,488,65,3
145,406,146,2
146,202,199,8
147,384,69,7
148,1,131,1
149,395,168,1
150,371,167,7
151,44,183,6
152,443,104,6
153,384,129,8
154,24,10,1
155,188,76,1
156,131,173,6
157,378,53,6
158,99,101,2
159,63,106,6
160,420,176,2
161,223,198,6
162,124,49,10
163,452,167,8
164,83,37,5
165,431,133,8
166,228,40,3
167,149,191,1
168,210,174,4
169,51,43,9
170,412,161,3
171,271,130,3
172,42,176,1
173,59,163,4
174,194,43,1
175,37,43,8
176,267,109,4
177,87,171,8
178,44,47,2
179,361,110,6
180,12,106,6
181,259,41,8
182,308,109,1
183,81,113,4
184,33,81,4
185,183,172,7
186,129,93,1
187,295,193,2
188,276,64,8
189,175,45,7
190,43,126,9
191,372,131,8
192,185,23,3
193,445,125,7
194,489,153,2
195,78,173,9
196,287,84,5
197,281,136,10
198,126,54,6
199,259,63,9
200,4,158,3
201,95,9,10
202,227,42,2
203,364,163,4
204,270,175,2
205,369,190,4
206,297,118,9
207,329,56,9
208,20,69,8
209,96,48,10
210,329,8,5
211,411,57,8
212,451,86,2
213,249,87,4
214,181,71,1
215,324,20,1
216,493,172,4
217,318,71,9
218,271,97,4
219,353,102,2
220,261,87,5
221,452,106,10
222,238,22,7
223,140,140,7
224,87,172,7
225,462,68,2
226,378,158,2
227,110,150,9
228,332,70,8
229,185,2,1
230,17,162,7
231,153,169,7
232,414,108,4
233,150,104,4
234,111,172,9
235,26,52,3
236,465,95,9
237,445,183,2
238,378,52,4
239,375,174,5
240,118,94,5
241,446,133,4
242,84,185,4
243,162,177,4
244,361,121,5
245,417,149,8
246,229,17,10
247,252,54,4
248,122,195,3
249,327,149,2
250,470,185,3
251,288,153,4
252,14,44,10
253,328,85,3
254,185,192,7
255,153,16,6
256,80,98,8
257,42,25,7
258,275,89,8
259,41,105,2
260,439,92,10
261,208,62,3
262,268,132,4
263,167,148,9
264,112,141,2
265,350,115,8
266,130,45,3
267,224,75,3
268,375,138,8
269,301,192,9
270,217,118,1
271,382,175,4
272,25,142,10
273,68,70,7
274,467,174,7
275,496,136,8
276,260,42,5
277,235,111,10
278,205,145,5
279,487,179,4
280,292,40,9
281,215,36,8
282,190,107,10
283,198,29,3
284,216,118,9
285,44,82,10
286,33,38,2
287,12,2,3
288,105,31,6
289,213,35,4
290,139,117,2
291,183,4,7
292,492,162,2
293,422,172,9
294,126,90,6
295,157,2,10
296,112,99,4
297,489,185,4
298,259,50,8
299,28,104,7
300,468,41,5
301,218,83,6
302,152,42,6
303,310,55,3
304,308,176,4
305,175,93,9
306,149,128,6
307,438,194,10
308,30,42,4
309,68,39,5
310,36,141,10
311,296,157,7
312,394,26,3
313,74,54,9
314,298,192,6
315,408,92,6
316,388,78,9
317,303,162,10
318,219,118,10
319,435,137,9
320,365,197,8
321,260,47,2
322,288,119,10
323,266,86,7
324,395,174,9
325,28,23,8
326,430,15,9
327,200,1,6
328,424,179,8
329,62,183,1
330,342,179,9
331,354,138,9
332,45,34,4
333,291,41,3
334,419,169,6
335,89,136,8
336,34,155,8
337,134,158,7
338,233,179,1
339,256,186,4
340,37,18,3
341,257,127,10
342,460,11,5
343,291,44,6
344,198,191,10
345,383,194,2
346,438,126,10
347,255,20,2
348,81,135,1
349,447,6,5
350,137,197,5
351,190,195,1
352,130,169,3
353,210,72,4
354,369,169,1
355,292,25,9
356,377,181,3
357,348,123,9
358,169,151,9
359,373,42,6
360,293,7,10
361,177,121,3
362,26,52,7
363,324,168,1
364,360,25,5
365,292,32,7
366,115,149,6
367,287,147,8
368,30,36,7
369,242,89,9
370,290,92,2
371,147,45,1
372,274,101,10
373,222,151,9
374,341,160,5
375,3,179,5
376,70,19,6
377,358,79,5
378,397,8,2
379,45,12,4
380,374,192,6
381,254,186,4
382,323,59,8
383,112,39,9
384,92,170,10
385,342,193,2
386,424,35,2
387,40,171,3
388,460,181,3
389,151,71,8
390,415,132,10
391,146,169,6
392,199,124,7
393,456,92,1
394,275,168,9
395,349,26,10
396,44,1,6
397,84,108,5
398,434,163,6
399,298,126,3
400,94,194,7
401,175,113,6
402,406,44,7
403,202,166,7
404,346,108,2
405,499,43,3
406,481,197,4
407,476,181,3
408,330,200,6
409,29,94,10
410,492,2,3
411,210,24,10
412,106,89,3
413,443,90,4
414,385,70,1
415,471,151,1
416,64,81,10
417,17,96,6
418,107,193,8
419,165,196,4
420,95,98,10
421,25,32,10
422,117,199,1
423,192,53,6
424,196,65,5
425,308,9,2
426,137,25,1
427,441,71,1
428,348,76,1
429,94,197,5
430,380,63,10
431,239,102,5
432,88,72,1
433,161,26,9
434,148,180,8
435,73,43,2
436,456,134,9
437,88,166,10
438,14,133,7
439,315,191,5
440,82,43,9
441,121,13,10
442,373,17,7
443,440,186,5
444,321,70,8
445,204,14,1
446,221,12,5
447,421,107,4
448,282,40,5
449,289,1,10
450,427,153,10
451,271,113,7
452,471,156,2
453,285,120,4
454,277,159,3
455,467,153,9
456,325,127,6
457,23,95,1
458,228,122,7
459,379,181,8
460,84,111,9
461,136,161,3
462,457,191,9
463,62,62,7
464,142,87,5
465,6,48,9
466,257,137,6
467,137,4,10
468,208,101,5
469,464,181,8
470,438,61,1
471,140,60,5
472,5,188,9
473,424,89,2
474,349,89,2
475,430,100,8
476,283,66,10
477,75,85,9
478,309,8,8
479,495,87,6
480,434,45,6
481,220,33,10
482,308,34,5
483,228,78,9
484,362,130,2
485,275,4,8
486,374,168,2
487,291,191,10
488,52,63,6
489,159,101,2
490,438,28,4
491,315,187,1
492,428,99,3
493,312,110,8
494,275,176,10
495,430,154,5
496,344,81,10
497,450,115,2
498,327,154,3
499,491,193,4
500,54,16,7
501,305,81,9
502,95,101,6
503,60,8,7
504,337,152,2
505,155,41,1
506,125,39,1
507,164,110,2
508,59,38,6
509,434,114,8
510,107,102,8
511,202,197,1
512,301,87,5
513,270,189,5
514,378,50,4
515,327,31,9
516,39,72,8
517,168,166,8
518,137,160,5
519,14,178,3
520,392,176,3
521,209,54,3
522,23,104,5
523,336,137,2
524,474,19,3
525,265,26,5
526,228,168,5
527,263,3,3
528,210,179,8
529,456,105,4
530,469,104,3
531,474,98,2
532,451,4,8
533,61,27,1
534,401,182,5
535,57,112,5
536,371,192,10
537,238,114,6
538,152,116,5
539,281,186,10
540,5,66,4
541,101,107,3
542,493,83,2
543,306,72,6
544,344,172,4
545,31,70,6
546,55,59,8
547,154,169,4
548,277,102,9
549,354,148,6
550,358,35,8
551,186,89,9
552,408,95,4
553,412,194,10
554,30,129,6
555,418,110,6
556,372,48,5
557,310,121,4
558,120,5,9
559,436,65,10
560,343,165,9
561,8,61,1
562,106,179,5
563,498,184,3
564,138,69,6
565,183,6,10
566,385,190,3
567,340,23,6
568,377,84,2
569,421,77,10
570,210,62,9
571,149,168,9
572,374,33,4
573,497,186,7
574,260,31,3
575,127,85,6
576,299,149,9
577,66,187,3
578,21,70,6
579,293,89,1
580,325,150,8
581,465,71,1
582,113,194,9
583,432,181,10
584,139,14,3
585,238,80,5
586,361,112,2
587,479,44,1
588,348,68,2
589,44,10,10
590,64,55,10
591,416,89,5
592,405,184,2
593,455,123,9
594,266,56,9
595,445,185,10
596,92,50,3
597,112,21,2
598,420,166,7
599,340,182,3
600,333,62,6
601,275,41,4
602,370,127,2
603,331,68,8
604,227,38,10
605,226,132,9
606,428,167,2
607,132,34,10
608,397,90,10
609,229,170,1
610,315,23,3
611,386,67,1
612,370,58,1
613,129,156,2
614,296,59,10
615,25,121,6
616,187,157,5
617,293,189,6
618,356,48,5
619,326,34,10
620,135,154,3
621,4,119,6
622,227,8,5
623,378,180,7
624,169,30,5
625,445,168,2
626,418,170,10
627,285,21,9
628,325,34,7
629,27,114,7
630,225,121,8
631,249,11,7
632,366,77,1
633,436,48,5
634,202,131,4
635,438,54,8
636,198,70,10
637,418,148,10
638,136,129,3
639,126,146,10
640,95,111,7
641,73,59,1
642,247,165,3
643,341,141,7
644,136,173,9
645,196,80,8
646,214,166,2
647,476,119,2
648,109,153,1
649,324,174,2
650,103,181,5
651,341,85,2
652,328,123,1
653,84,189,4
654,224,136,9
655,257,111,5
656,134,24,10
657,348,21,2
658,108,70,5
659,415,8,7
660,458,37,5
661,468,112,3
662,8,138,8
663,150,198,5
664,486,26,3
665,477,34,6
666,393,65,10
667,172,162,3
668,47,84,10
669,1,3,7
670,361,17,6
671,180,127,9
672,39,88,9
673,90,62,8
674,75,59,9
675,500,115,9
676,227,26,1
677,124,123,2
678,344,171,10
679,97,146,10
680,340,41,8
681,283,61,9
682,207,82,6
683,33,170,3
684,116,167,9
685,455,199,9
686,354,112,8
687,429,25,4
688,316,34,7
689,314,198,1
690,179,10,6
691,174,38,1
692,234,103,10
693,133,140,2
694,442,154,9
695,94,17,4
696,348,84,7
697,402,62,10
698,420,123,5
699,195,152,1
700,405,179,4
701,430,122,4
702,186,113,6
703,464,10,7
704,376,43,1
705,165,170,6
706,362,27,5
707,191,120,10
708,5,119,1
709,498,43,3
710,499,63,5
711,206,12,6
712,415,200,2
713,366,161,1
714,344,126,8
715,227,31,7
716,420,87,4
717,74,30,9
718,219,33,2
719,440,195,3
720,27,151,7
721,375,176,1
722,23,41,6
723,461,153,5
724,208,119,1
725,355,143,6
726,91,3,9
727,52,196,7
728,487,34,3
729,303,43,3
730,209,37,4
731,62,129,7
732,445,153,3
733,304,51,3
734,105,39,8
735,129,56,9
736,395,13,7
737,460,126,1
738,398,16,9
739,328,27,1
740,95,152,9
741,7,185,1
742,174,17,10
743,246,83,10
744,415,174,5
745,16,162,8
746,170,132,8
747,167,59,8
748,310,103,1
749,428,72,4
750,83,58,3
751,392,149,5
752,221,113,6
753,322,67,6
754,170,61,3
755,323,11,5
756,115,52,9
757,349,99,1
758,335,1,1
759,230,71,2
760,220,14,5
761,247,26,10
762,101,92,2
763,416,48,4
764,222,70,9
765,179,106,9
766,175,24,4
767,94,180,6
768,115,183,9
769,162,25,3
770,269,22,4
771,225,14,9
772,234,67,1
773,337,170,6
774,67,130,9
775,457,59,1
776,500,53,1
777,126,129,1
778,139,186,6
779,113,127,6
780,219,15,10
781,156,101,8
782,185,136,8
783,121,49,9
784,322,74,1
785,449,109,8
786,198,50,3
787,345,5,5
788,291,17,2
789,464,145,7
790,4,64,8
791,189,145,10
792,239,196,3
793,166,105,7
794,172,183,4
795,212,3,4
796,345,33,10
797,71,186,7
798,149,71,10
799,391,157,10
800,285,23,2
801,116,156,6
802,391,122,5
803,323,178,4
804,93,127,10
805,477,5,5
806,103,5,2
807,358,195,10
808,380,76,1
809,198,195,2
810,110,76,1
811,330,77,1
812,101,138,6
813,183,36,10
814,334,180,5
815,406,135,6
816,160,32,3
817,82,28,1
818,36,11,7
819,238,177,5
820,244,102,5
821,393,27,9
822,255,70,10
823,282,193,7
824,22,165,8
825,430,33,8
826,230,38,7
827,471,83,7
828,401,78,1
829,154,67,8
830,495,169,6
831,120,129,9
832,166,167,10
833,384,65,10
834,386,138,9
835,390,63,1
836,199,178,9
837,397,4,8
838,347,134,5
839,75,82,1
840,439,19,1
841,79,46,8
842,319,65,6
843,73,118,1
844,200,39,8
845,302,109,3
846,134,170,3
847,48,18,1
848,188,173,7
849,171,147,7
850,452,192,8
851,139,135,3
852,243,55,2
853,314,189,10
854,476,168,6
855,346,129,5
856,388,38,4
857,126,37,10
858,207,136,8
859,339,46,6
860,198,140,6
861,187,133,5
862,389,199,5
863,18,39,4
864,198,125,10
865,448,41,6
866,351,63,6
867,153,71,10
868,132,163,4
869,326,81,4
870,425,157,4
871,165,161,7
872,59,50,10
873,178,9,3
874,440,22,7
875,153,51,8
876,162,153,5
877,403,145,7
878,354,86,5
879,463,11,9
880,242,161,1
881,136,137,9
882,438,188,9
883,236,199,3
884,47,107,7
885,497,46,4
886,128,149,7
887,418,163,3
888,338,5,5
889,158,49,3
890,13,25,6
891,119,194,1
892,303,104,6
893,375,44,5
894,289,17,9
895,291,58,6
896,116,6,10
897,88,124,2
898,125,9,8
899,410,34,1
900,175,55,7
901,499,65,3
902,364,161,3
903,53,3,7
904,490,156,1
905,111,88,3
906,65,67,6
907,333,200,10
908,375,46,2
909,74,149,9
910,147,193,1
911,261,136,7
912,264,25,10
913,132,194,7
914,49,100,6
915,77,63,4
916,294,95,4
917,117,163,7
918,494,150,2
919,49,88,5
920,110,146,7
921,467,70,3
922,180,128,7
923,50,4,3
924,72,90,3
925,347,150,4
926,434,188,3
927,495,135,2
928,286,190,1
929,4,23,8
930,75,24,2
931,85,86,5
932,491,77,8
933,322,151,2
934,376,61,2
935,21,139,2
936,209,186,8
937,43,42,5
938,499,70,7
939,29,168,6
940,411,116,9
941,344,190,6
942,181,91,6
943,305,155,9
944,451,175,9
945,103,117,6
946,266,145,2
947,259,130,3
948,373,79,1
949,365,10,9
950,234,64,8
951,346,64,9
952,381,189,7
953,374,164,6
954,101,100,10
955,91,137,5
956,69,57,10
957,106,116,7
958,11,105,3
959,13,174,2
960,105,78,3
961,226,190,9
962,422,45,9
963,168,181,5
964,417,15,7
965,379,142,10
966,290,59,10
967,411,135,3
968,100,108,5
969,218,73,5
970,307,52,6
971,345,15,6
972,211,111,6
973,277,29,8
974,223,158,4
975,157,95,10
976,73,9,2
977,275,108,1
978,410,195,8
979,409,57,1
980,40,80,7
981,235,185,8
982,124,185,2
983,285,99,7
984,153,38,9
985,147,171,3
986,196,103,3
987,173,102,6
988,212,6,6
989,302,143,4
990,311,185,9
991,1,140,2
992,139,145,7
993,196,160,5
994,391,77,3
995,220,187,10
996,356,188,6
997,442,193,8
998,455,190,7
999,404,99,2
1000,163,65,9
1001,51,121,2
1002,243,58,9
1003,359,145,1
1004,21,128,1
1005,172,133,4
1006,119,101,10
1007,129,4,8
1008,485,134,9
1009,366,51,10
1010,106,128,10
1011,195,171,6
1012,226,177,7
1013,141,46,5
1014,272,16,7
1015,119,118,8
1016,34,92,2
1017,152,184,5
1018,397,188,5
1019,390,184,2
1020,39,126,4
1021,258,162,1
1022,267,12,2
1023,7,128,6
1024,382,35,4
1025,263,14,9
1026,103,136,10
1027,423,153,1
1028,332,194,6
1029,371,100,8
1030,342,83,3
1031,383,111,5
1032,371,41,9
1033,179,184,2
1034,308,66,3
1035,259,28,7
1036,333,144,7
1037,158,144,6
1038,10,42,3
1039,116,7,5
1040,457,127,8
1041,390,57,7
1042,117,181,2
1043,182,135,3
1044,236,79,3
1045,194,160,10
1046,300,135,6
1047,80,34,3
1048,63,128,8
1049,333,187,8
1050,48,127,8
1051,77,47,10
1052,150,128,3
1053,121,27,5
1054,275,52,1
1055,346,161,4
1056,14,189,7
1057,223,47,2
1058,93,96,2
1059,237,136,10
1060,106,178,10
1061,214,40,8
1062,7,194,8
1063,101,6,4
1064,49,102,4
1065,41,156,9
1066,411,167,9
1067,159,46,9
1068,390,152,3
1069,144,13,6
1070,448,138,2
1071,486,158,5
1072,38,158,7
1073,60,14,2
1074,114,88,9
1075,96,25,2
1076,353,138,4
1077,497,69,9
1078,209,166,4
1079,289,185,10
1080,63,87,5
1081,395,189,9
1082,397,153,5
1083,94,102,5
1084,321,105,10
1085,414,181,8
1086,347,54,10
1087,488,99,9
1088,151,175,2
1089,404,162,6
1090,390,142,6
1091,293,200,7
1092,84,13,3
1093,128,175,2
1094,485,30,7
1095,262,13,9
1096,349,184,5
1097,461,49,2
1098,155,36,8
1099,242,35,1
1100,84,59,2
1101,397,189,10
1102,487,130,6
1103,136,146,6
1104,181,172,8
1105,81,184,9
1106,414,10,4
1107,1,184,5
1108,216,145,10
1109,208,68,9
1110,331,170,2
1111,253,48,9
1112,132,89,1
1113,62,59,3
1114,324,37,9
1115,145,13,6
1116,369,27,1
1117,458,3,7
1118,85,23,8
1119,117,47,8
1120,230,84,5
1121,256,19,2
1122,313,35,8
1123,319,96,3
1124,441,196,9
1125,49,1,9
1126,146,156,6
1127,374,49,4
1128,442,132,3
1129,10,12,4
1130,493,113,1
1131,191,157,8
1132,80,41,9
1133,231,3,9
1134,207,60,7
1135,418,11,10
1136,389,133,4
1137,401,110,10
1138,229,128,8
1139,328,91,2
1140,319,108,5
1141,280,9,5
1142,348,38,3
1143,367,103,4
1144,8,92,8
1145,279,187,6
1146,355,187,7
1147,159,178,4
1148,247,20,2
1149,81,36,10
1150,156,165,1
1151,48,125,7
1152,496,75,1
1153,115,50,4
1154,12,147,3
1155,472,5,4
1156,335,50,3
1157,488,14,4
1158,287,180,9
1159,91,145,9
1160,291,184,2
1161,55,105,1
1162,338,62,8
1163,164,99,7
1164,72,18,10
1165,366,199,6
1166,316,25,3
1167,113,94,8
1168,422,67,10
1169,69,47,1
1170,438,169,9
1171,14,168,8
1172,102,10,9
1173,276,108,6
1174,364,27,10
1175,265,21,9
1176,353,186,1
1177,210,197,8
1178,198,107,9
1179,381,67,6
1180,101,53,9
1181,386,40,5
1182,254,84,10
1183,158,192,2
1184,390,117,10
1185,465,136,4
1186,231,32,1
1187,425,97,9
1188,151,197,8
1189,31,156,6
1190,256,153,8
1191,20,56,7
1192,261,137,8
1193,149,45,3
1194,363,54,6
1195,75,39,4
1196,124,156,2
1197,452,44,7
1198,215,9,5
1199,317,169,2
1200,230,121,5
1201,94,193,6
1202,170,17,10
1203,41,118,2
1204,189,76,1
1205,210,80,3
1206,180,52,6
1207,297,193,9
1208,60,111,8
1209,491,165,9
1210,479,61,4
1211,30,19,5
1212,226,154,7
1213,95,41,10
1214,239,154,1
1215,166,5,7
1216,383,139,1
1217,217,98,8
1218,273,87,5
1219,356,111,10
1220,168,164,7
1221,158,85,6
1222,66,134,10
1223,280,59,9
1224,201,100,5
1225,385,176,2
1226,88,104,6
1227,294,159,2
1228,368,140,8
1229,448,9,2
1230,411,122,2
1231,218,27,8
1232,346,105,9
1233,135,96,5
1234,217,51,1
1235,464,20,9
1236,102,184,10
1237,298,32,9
1238,402,199,1
1239,465,180,3
1240,369,38,8
1241,44,140,3
1242,111,80,5
1243,454,173,7
1244,375,54,3
1245,404,133,10
1246,240,146,5
1247,279,26,2
1248,366,183,9
1249,396,123,2
1250,12,77,6
1251,418,1,8
1252,392,97,7
1253,120,199,5
1254,283,170,2
1255,49,105,8
1256,200,84,3
1257,240,124,2
1258,183,100,7
1259,97,94,8
1260,357,26,7
1261,339,124,8
1262,88,173,9
1263,406,73,5
1264,3,39,2
1265,265,51,9
1266,267,144,3
1267,262,133,1
1268,295,27,4
1269,423,76,3
1270,101,27,3
1271,450,29,7
1272,118,129,2
1273,60,70,6
1274,165,58,4
1275,390,14,8
1276,262,23,1
1277,39,62,9
1278,164,91,1
1279,89,63,7
1280,434,134,2
1281,208,83,1
1282,341,45,4
1283,371,111,10
1284,266,68,6
1285,133,24,6
1286,434,138,3
1287,25,180,2
1288,95,6,8
1289,387,34,3
1290,340,130,2
1291,388,64,10
1292,78,85,5
1293,268,190,10
1294,398,92,4
1295,485,32,8
1296,82,187,3
1297,155,132,6
1298,455,85,9
1299,176,139,8
1300,99,180,9
1301,22,74,4
1302,405,198,4
1303,171,142,10
1304,379,61,7
1305,442,105,4
1306,146,82,9
1307,102,187,2
1308,474,46,4
1309,245,154,4
1310,470,132,7
1311,184,193,5
1312,101,15,4
1313,197,199,5
1314,112,16,3
1315,227,6,3
1316,268,55,10
1317,483,1,3
1318,98,200,5
1319,239,190,6
1320,404,82,3
1321,369,33,8
1322,12,59,8
1323,482,30,7
1324,26,160,8
1325,98,160,5
1326,352,19,4
1327,302,108,1
1328,263,103,3
1329,90,72,10
1330,345,191,7
1331,494,20,3
1332,39,70,10
1333,52,178,10
1334,17,193,10
1335,408,130,2
1336,219,51,8
1337,260,182,4
1338,347,61,9
1339,431,59,1
1340,123,117,5
1341,414,186,4
1342,259,147,3
1343,134,170,6
1344,378,7,3
1345,456,172,3
1346,272,161,2
1347,335,76,1
1348,420,124,1
1349,181,25,6
1350,360,51,3
1351,375,137,6
1352,264,118,10
1353,180,84,10
1354,359,3,2
1355,250,29,8
1356,436,39,8
1357,414,175,3
1358,184,44,9
1359,114,98,9
1360,396,117,4
1361,452,14,3
1362,206,46,7
1363,379,34,6
1364,312,11,4
1365,89,116,8
1366,253,88,1
1367,325,126,2
1368,118,78,4
1369,372,116,3
1370,471,31,1
1371,186,65,1
1372,350,108,6
1373,103,200,5
1374,396,68,9
1375,207,127,6
1376,83,111,9
1377,474,129,1
1378,237,96,10
1379,4,137,8
1380,166,68,7
1381,392,12,3
1382,286,152,8
1383,79,21,6
1384,268,2,4
1385,458,199,6
1386,12,69,3
1387,273,171,5
1388,61,100,1
1389,124,125,8
1390,104,23,1
1391,192,159,4
1392,188,39,6
1393,130,76,2
1394,403,53,8
1395,182,99,1
1396,285,196,5
1397,449,114,9
1398,342,193,4
1399,217,7,4
1400,74,34,8
1401,393,30,9
1402,467,86,10
1403,396,15,6
1404,477,53,5
1405,374,87,10
1406,436,92,5
1407,338,196,6
1408,440,114,5
1409,16,95,3
1410,132,104,4
1411,107,175,8
1412,473,88,10
1413,214,25,4
1414,285,142,4
1415,315,161,2
1416,214,33,8
1417,79,119,7
1418,368,26,2
1419,322,74,9
1420,333,102,4
1421,268,109,7
1422,282,146,9
1423,360,152,3
1424,268,36,5
1425,347,122,3
1426,238,36,7
1427,419,163,9
1428,386,85,10
1429,145,198,10
1430,258,21,5
1431,17,7,3
1432,34,137,8
1433,34,1,10
1434,173,62,1
1435,487,90,5
1436,297,103,5
1437,329,72,3
1438,206,123,7
1439,107,7,5
1440,84,198,9
1441,243,165,1
1442,417,158,5
1443,408,104,2
1444,325,20,7
1445,416,48,8
1446,151,151,7
1447,65,68,10
1448,230,136,5
1449,288,57,2
1450,80,94,5
1451,84,73,9
1452,272,147,10
1453,308,151,6
1454,397,151,3
1455,174,47,1
1456,11,40,7
1457,106,57,7
1458,337,163,3
1459,71,61,3
1460,22,99,7
1461,223,142,2
1462,196,29,8
1463,337,60,6
1464,321,14,10
1465,130,162,9
1466,307,123,9
1467,353,155,4
1468,364,78,5
1469,467,186,8
1470,339,126,5
1471,186,75,6
1472,407,88,3
1473,272,92,7
1474,400,56,9
1475,29,86,6
1476,328,92,10
1477,284,24,7
1478,217,200,10
1479,314,142,6
1480,315,21,4
1481,217,36,5
1482,461,164,6
1483,270,198,3
1484,403,38,8
1485,79,151,7
1486,463,162,3
1487,277,19,10
1488,72,129,4
1489,184,32,9
1490,301,31,9
1491,236,174,4
1492,246,131,1
1493,92,150,9
1494,45,19,10
1495,272,81,7
1496,88,100,8
1497,460,13,5
1498,78,73,1
1499,414,125,2
1500,96,189,7
1501,111,100,3
1502,211,138,5
1503,133,32,10
1504,29,50,5
1505,194,64,1
1506,50,108,3
1507,434,48,1
1508,344,129,10
1509,58,174,4
1510,209,125,6
1511,42,55,7
1512,475,39,5
1513,241,37,8
1514,195,159,10
1515,432,34,10
1516,274,100,6
1517,21,106,7
1518,167,119,8
1519,321,127,8
1520,135,27,5
1521,237,47,1
1522,151,19,5
1523,80,89,8
1524,75,42,10
1525,163,20,7
1526,169,3,4
1527,167,43,8
1528,150,50,4
1529,291,158,9
1530,374,194,4
1531,161,22,10
1532,427,119,5
1533,384,90,10
1534,301,79,9
1535,100,122,9
1536,298,87,2
1537,250,140,3
1538,360,55,6
1539,412,25,6
1540,252,70,9
1541,305,7,8
1542,384,62,6
1543,139,42,6
1544,325,189,7
1545,274,108,7
1546,260,176,2
1547,102,141,9
1548,95,141,8
1549,472,46,6
1550,286,38,6
1551,103,83,10
1552,124,54,6
1553,159,41,2
1554,204,137,10
1555,451,1,3
1556,478,33,3
1557,317,141,9
1558,136,21,1
1559,180,115,2
1560,245,16,3
1561,74,24,2
1562,472,191,6
1563,449,55,8
1564,497,109,2
1565,402,88,6
1566,169,10,3
1567,244,110,10
1568,22,106,9
1569,95,71,10
1570,411,164,8
1571,144,167,10
1572,241,66,7
1573,274,34,5
1574,267,102,1
1575,146,98,10
1576,132,162,7
1577,488,132,2
1578,74,87,6
1579,286,102,4
1580,196,123,4
1581,456,179,10
1582,465,162,2
1583,227,4,5
1584,133,78,3
1585,446,163,7
1586,347,80,6
1587,101,172,6
1588,135,31,3
1589,33,170,1
1590,82,157,7
1591,120,138,7
1592,375,12,10
1593,246,154,10
1594,294,58,5
1595,120,74,2
1596,284,63,1
1597,52,97,6
1598,79,150,2
1599,444,164,8
1600,87,185,4
1601,96,122,4
1602,9,173,5
1603,313,195,6
1604,286,97,4
1605,157,93,9
1606,480,101,10
1607,419,75,2
1608,187,100,9
1609,384,30,10
1610,383,190,7
1611,466,42,2
1612,477,166,4
1613,112,192,1
1614,145,158,4
1615,457,98,7
1616,60,36,5
1617,248,85,9
1618,493,34,8
1619,8,132,1
1620,397,96,6
1621,289,101,3
1622,213,89,7
1623,236,191,6
1624,76,26,7
1625,222,90,2
1626,41,38,5
1627,1,196,6
1628,213,128,7
1629,110,192,9
1630,93,78,4
1631,206,97,2
1632,166,107,1
1633,432,6,2
1634,62,22,10
1635,104,169,2
1636,435,142,7
1637,69,28,7
1638,495,35,8
1639,461,129,6
1640,186,56,4
1641,376,45,2
1642,486,177,2
1643,497,112,1
1644,133,52,9
1645,106,60,4
1646,37,18,2
1647,337,97,6
1648,467,12,1
1649,166,171,3
1650,223,199,2
1651,374,34,5
1652,495,52,5
1653,292,181,2
1654,433,70,1
1655,129,82,1
1656,50,183,3
1657,186,11,5
1658,266,42,9
1659,51,160,2
1660,226,4,7
1661,177,171,4
1662,498,95,3
1663,13,135,3
1664,199,65,9
1665,125,5,8
1666,500,133,7
1667,421,64,10
1668,100,193,10
1669,359,87,9
1670,37,158,9
1671,287,23,9
1672,115,88,7
1673,148,50,1
1674,423,27,7
1675,429,119,10
1676,36,57,10
1677,271,140,9
1678,30,131,2
1679,436,13,3
1680,61,3,6
1681,338,92,2
1682,324,118,10
1683,286,122,2
1684,156,122,9
1685,132,36,6
1686,34,129,9
1687,246,62,9
1688,436,78,2
1689,375,102,8
1690,412,147,6
1691,229,164,7
1692,57,11,9
1693,278,20,9
1694,168,156,8
1695,235,10,6
1696,331,113,3
1697,30,167,5
1698,242,123,9
1699,414,13,9
1700,446,103,10
1701,59,70,3
1702,281,87,9
1703,115,63,6
1704,273,13,7
1705,449,67,1
1706,357,60,6
1707,483,129,7
1708,124,25,6
1709,14,107,5
1710,258,133,7
1711,252,147,2
1712,259,46,1
1713,323,200,9
1714,148,73,10
1715,461,87,1
1716,159,107,3
1717,40,80,10
1718,470,128,10
1719,78,21,7
1720,434,49,4
1721,283,88,9
1722,372,67,9
1723,141,49,6
1724,242,140,5
1725,449,153,2
1726,258,144,10
1727,421,112,5
1728,267,154,8
1729,363,128,2
1730,289,134,8
1731,285,23,9
1732,187,55,7
1733,195,52,8
1734,221,163,6
1735,66,158,10
1736,206,141,10
1737,340,45,3
1738,48,59,7
1739,82,125,8
1740,421,21,2
1741,200,64,9
1742,310,175,5
1743,199,98,10
1744,138,76,1
1745,16,47,4
1746,275,95,9
1747,158,111,6
1748,182,12,10
1749,445,199,9
1750,43,96,10
1751,467,35,1
1752,131,42,9
1753,286,150,4
1754,402,92,6
1755,36,82,8
1756,377,58,3
1757,276,135,7
1758,401,140,3
1759,24,190,10
1760,141,113,9
1761,356,111,4
1762,366,148,1
1763,185,8,7
1764,195,58,5
1765,277,145,6
1766,132,71,8
1767,82,169,9
1768,429,191,10
1769,39,195,4
1770,43,11,7
1771,459,42,9
1772,38,171,7
1773,363,169,5
1774,41,158,5
1775,368,75,5
1776,284,75,4
1777,133,160,5
1778,436,82,5
1779,407,100,8
1780,166,165,4
1781,292,62,10
1782,31,82,3
1783,264,114,8
1784,473,156,7
1785,89,26,5
1786,240,176,3
1787,400,183,9
1788,395,112,9
1789,148,140,7
1790,334,177,9
1791,488,93,9
1792,313,17,3
1793,486,195,9
1794,488,162,3
1795,403,124,5
1796,456,177,3
1797,61,143,10
1798,25,169,3
1799,161,66,10
1800,365,175,9
1801,296,23,2
1802,373,193,10
1803,105,169,7
1804,383,193,1
1805,368,160,10
1806,117,61,1
1807,485,127,10
1808,491,29,1
1809,17,125,3
1810,437,186,4
1811,219,84,10
1812,489,97,4
1813,209,107,4
1814,303,44,10
1815,225,69,1
1816,95,94,5
1817,341,27,3
1818,280,180,4
1819,144,85,10
1820,173,48,9
1821,84,58,10
1822,120,42,7
1823,56,200,5
1824,355,157,8
1825,412,161,4
1826,302,141,5
1827,483,89,7
1828,338,111,9
1829,216,200,3
1830,412,189,1
1831,78,40,2
1832,433,46,7
1833,472,162,10
1834,351,95,3
1835,390,61,3
1836,378,163,9
1837,232,195,1
1838,226,158,6
1839,370,121,3
1840,483,168,3
1841,285,64,8
1842,245,151,8
1843,66,54,6
1844,69,193,8
1845,214,27,10
1846,457,69,3
1847,253,44,5
1848,371,176,2
1849,418,138,7
1850,375,71,2
1851,484,158,7
1852,49,6,10
1853,100,2,8
1854,474,125,8
1855,70,87,8
1856,450,27,10
1857,100,94,10
1858,72,134,5
1859,2,145,9
1860,130,155,4
1861,200,45,4
1862,154,27,6
1863,101,79,6
1864,78,89,7
1865,109,137,7
1866,179,20,10
1867,412,120,7
1868,97,60,9
1869,44,76,6
1870,276,175,3
1871,355,22,10
1872,302,195,1
1873,101,190,10
1874,337,58,9
1875,113,155,5
1876,235,54,2
1877,378,113,3
1878,428,197,3
1879,452,122,7
1880,9,151,1
1881,212,83,7
1882,431,167,10
1883,65,194,10
1884,373,133,4
1885,405,126,10
1886,97,148,3
1887,483,92,7
1888,364,136,7
1889,390,113,10
1890,342,118,9
1891,281,99,6
1892,3,89,8
1893,456,58,5
1894,109,70,8
1895,204,45,8
1896,244,14,2
1897,285,167,9
1898,375,1,10
1899,352,114,5
1900,66,180,9
1901,465,197,2
1902,371,46,2
1903,211,151,6
1904,399,31,8
1905,22,33,3
1906,112,120,3
1907,368,96,7
1908,198,46,9
1909,290,101,3
1910,107,132,5
1911,131,189,6
1912,28,164,2
1913,233,20,9
1914,376,99,3
1915,148,146,9
1916,400,4,3
1917,328,189,10
1918,493,66,6
1919,286,144,7
1920,420,106,6
1921,226,9,4
1922,305,121,7
1923,434,53,7
1924,337,151,8
1925,185,11,2
1926,320,45,3
1927,473,141,9
1928,443,4,10
1929,390,23,7
1930,308,141,9
1931,62,182,4
1932,107,91,3
1933,468,41,4
1934,274,170,9
1935,46,129,1
1936,481,184,4
1937,63,60,7
1938,23,181,6
1939,226,156,9
1940,103,41,10
1941,138,22,3
1942,262,199,1
1943,333,77,8
1944,62,136,6
1945,171,132,7
1946,248,28,8
1947,401,186,10
1948,316,89,1
1949,274,178,9
1950,197,175,10
1951,317,37,1
1952,154,9,7
1953,143,138,8
1954,366,130,5
1955,318,167,6
1956,182,149,9
1957,82,46,2
1958,30,90,2
1959,199,173,9
1960,29,90,9
1961,203,198,5
1962,134,65,4
1963,485,104,7
1964,485,59,10
1965,341,199,3
1966,440,71,6
1967,499,104,8
1968,179,18,10
1969,87,12,10
1970,182,18,10
1971,267,38,2
1972,44,95,2
1973,444,186,8
1974,415,114,4
1975,316,13,5
1976,143,146,8
1977,500,127,4
1978,433,37,10
1979,121,161,4
1980,382,128,4
1981,57,132,3
1982,450,119,6
1983,361,118,5
1984,392,166,10
1985,454,200,10
1986,144,190,3
1987,120,6,10
1988,490,146,5
1989,309,19,1
1990,289,19,8
1991,88,82,2
1992,463,34,9
1993,419,139,6
1994,30,50,3
1995,52,10,9
1996,474,155,6
1997,438,133,6
1998,261,105,6
1999,193,90,2
2000,380,115,1
2001,155,72,5
2002,469,98,4
2003,390,18,5
2004,379,113,4
2005,345,18,9
2006,274,103,3
2007,453,103,10
2008,313,59,9
2009,161,88,7
2010,242,184,8
2011,338,163,3
2012,73,197,4
2013,74,131,7
2014,229,114,2
2015,416,26,10
2016,351,71,2
2017,330,139,5
2018,365,20,8
2019,177,174,10
2020,228,80,8
2021,417,85,6
2022,271,182,1
2023,62,183,3
2024,344,36,2
2025,417,176,3
2026,313,200,4
2027,413,105,5
2028,172,61,10
2029,98,37,7
2030,179,114,9
2031,303,157,2
2032,109,173,6
2033,329,47,2
2034,422,138,4
2035,121,101,1
2036,3,88,10
2037,274,164,1
2038,144,93,6
2039,196,19,5
2040,342,79,9
2041,497,149,4
2042,243,37,1
2043,94,73,9
2044,358,113,8
2045,121,104,6
2046,151,14,7
2047,211,108,8
2048,8,22,8
2049,312,60,8
2050,178,190,7
2051,27,33,3
2052,249,31,9
2053,133,74,10
2054,110,92,7
2055,90,190,1
2056,27,157,1
2057,189,57,9
2058,244,24,10
2059,112,93,2
2060,84,185,10
2061,79,67,8
2062,147,21,6
2063,122,87,9
2064,97,97,2
2065,348,136,10
2066,293,185,4
2067,359,22,3
2068,405,85,6
2069,384,148,8
2070,493,90,6
2071,388,176,3
2072,147,166,7
2073,206,89,2
2074,52,84,5
2075,50,184,10
2076,32,171,8
2077,482,14,10
2078,147,173,9
2079,269,92,8
2080,112,87,4
2081,476,92,8
2082,232,132,8
2083,355,186,5
2084,328,162,9
2085,95,30,9
2086,302,86,2
2087,209,67,3
2088,66,39,1
2089,89,153,10
2090,273,78,2
2091,302,26,7
2092,384,38,9
2093,220,15,7
2094,166,158,9
2095,435,112,6
2096,409,136,2
2097,433,59,9
2098,205,156,2
2099,5,157,8
2100,497,87,9
2101,436,69,3
2102,175,196,9
2103,41,25,8
2104,399,155,3
2105,242,138,6
2106,395,188,8
2107,412,106,10
2108,335,184,8
2109,359,72,3
2110,398,85,9
2111,5,140,7
2112,215,199,7
2113,272,93,5
2114,30,110,2
2115,463,3,3
2116,171,168,9
2117,154,58,1
2118,204,156,4
2119,480,160,7
2120,220,164,6
2121,23,141,10
2122,111,65,4
2123,300,152,7
2124,469,134,5
2125,184,184,2
2126,254,193,8
2127,131,36,10
2128,154,128,6
2129,126,11,6
2130,121,158,7
2131,129,64,10
2132,352,49,8
2133,185,60,7
2134,111,117,6
2135,199,176,5
2136,467,190,10
2137,87,139,1
2138,191,148,5
2139,256,78,6
2140,47,186,10
2141,252,196,2
2142,90,37,6
2143,206,4,4
2144,141,164,6
2145,319,200,8
2146,294,75,1
2147,468,85,10
2148,160,93,9
2149,376,73,7
2150,413,9,7
2151,316,125,2
2152,340,198,6
2153,297,188,5
2154,361,186,10
2155,378,117,8
2156,90,87,8
2157,496,51,7
2158,286,100,1
2159,285,81,5
2160,53,118,3
2161,299,156,4
2162,139,97,7
2163,213,48,4
2164,274,195,10
2165,129,12,7
2166,168,83,6
2167,39,25,6
2168,483,129,10
2169,194,110,3
2170,49,189,2
2171,215,88,6
2172,46,2,8
2173,123,94,5
2174,178,48,1
2175,23,103,4
2176,232,179,8
2177,349,126,1
2178,322,127,6
2179,342,198,5
2180,323,86,3
2181,33,35,6
2182,435,39,8
2183,327,128,5
2184,103,106,3
2185,420,50,8
2186,485,133,6
2187,152,52,1
2188,500,34,10
2189,123,86,1
2190,83,133,4
2191,103,180,6
2192,90,126,4
2193,239,72,6
2194,80,185,7
2195,114,127,6
2196,156,37,6
2197,342,52,6
2198,2,62,2
2199,266,190,7
2200,116,112,5
2201,338,195,8
2202,396,186,2
2203,65,154,2
2204,248,141,6
2205,324,190,3
2206,190,122,7
2207,55,126,2
2208,293,134,7
2209,469,164,4
2210,127,181,7
2211,20,138,7
2212,496,50,1
2213,198,185,5
2214,213,158,6
2215,126,190,10
2216,191,163,2
2217,197,123,2
2218,170,172,4
2219,209,34,9
2220,145,123,3
2221,186,157,1
2222,134,23,6
2223,97,90,6
2224,279,18,2
2225,132,34,9
2226,393,98,6
2227,319,90,4
2228,349,124,10
2229,170,8,9
2230,331,193,6
2231,103,13,9
2232,93,72,3
2233,96,173,6
2234,109,88,2
2235,396,39,3
2236,419,3,2
2237,92,188,7
2238,306,74,9
2239,72,159,10
2240,424,191,3
2241,359,51,9
2242,376,155,4
2243,59,13,8
2244,6,147,10
2245,74,158,2
2246,345,187,7
2247,141,167,2
2248,233,71,3
2249,226,67,9
2250,316,125,2
2251,207,50,9
2252,494,180,4
2253,16,81,6
2254,5,32,1
2255,407,137,8
2256,181,106,3
2257,67,104,5
2258,328,160,4
2259,366,154,7
2260,329,19,4
2261,262,93,2
2262,40,66,9
2263,336,186,7
2264,336,91,5
2265,298,116,7
2266,474,159,2
2267,151,150,1
2268,474,117,3
2269,218,76,2
2270,404,36,3
2271,319,126,3
2272,286,183,6
2273,266,65,6
2274,396,64,3
2275,382,175,3
2276,100,97,6
2277,27,169,4
2278,360,59,6
2279,256,69,6
2280,211,158,2
2281,73,52,6
2282,256,55,5
2283,130,57,1
2284,356,83,2
2285,115,53,4
2286,242,102,9
2287,175,67,2
2288,312,116,3
2289,11,34,4
2290,203,156,8
2291,281,110,3
2292,352,43,3
2293,44,114,4
2294,476,7,1
2295,142,182,7
2296,463,94,6
2297,56,33,6
2298,6,104,2
2299,408,152,7
2300,43,166,9
2301,104,139,1
2302,50,138,7
2303,358,66,3
2304,359,65,6
2305,76,4,2
2306,374,154,4
2307,441,190,8
2308,428,105,8
2309,153,196,8
2310,338,50,10
2311,22,2,10
2312,479,9,9
2313,147,103,10
2314,64,98,10
2315,346,108,7
2316,30,96,5
2317,294,158,3
2318,434,49,8
2319,169,189,1
2320,498,110,8
2321,363,157,4
2322,224,81,10
2323,104,89,4
2324,268,46,3
2325,313,135,10
2326,448,19,8
2327,143,57,6
2328,289,162,9
2329,194,9,2
2330,122,79,3
2331,374,147,5
2332,322,188,1
2333,37,40,2
2334,26,141,3
2335,461,10,6
2336,73,98,2
2337,51,178,10
2338,13,98,2
2339,409,51,9
2340,148,144,5
2341,196,168,10
2342,395,71,8
2343,8,62,8
2344,437,146,6
2345,93,137,9
2346,15,112,7
2347,457,194,2
2348,47,136,3
2349,228,21,2
2350,36,169,7
2351,210,73,10
2352,152,117,5
2353,62,129,7
2354,118,120,4
2355,182,42,6
2356,13,131,1
2357,430,33,3
2358,8,125,3
2359,432,11,2
2360,111,137,4
2361,168,22,2
2362,351,120,2
2363,148,58,3
2364,235,46,7
2365,366,68,10
2366,435,198,8
2367,66,28,10
2368,428,141,4
2369,83,65,2
2370,463,4,10
2371,90,190,1
2372,102,172,7
2373,377,97,10
2374,185,41,10
2375,73,21,1
2376,179,15,2
2377,35,25,9
2378,475,68,6
2379,12,33,9
2380,109,74,6
2381,140,71,1
2382,361,68,4
2383,421,59,1
2384,383,157,8
2385,178,4,5
2386,461,167,8
2387,466,109,7
2388,224,93,3
2389,459,198,5
2390,305,2,10
2391,75,146,8
2392,140,191,8
2393,94,176,4
2394,35,9,8
2395,203,74,4
2396,461,181,2
2397,242,142,9
2398,296,113,10
2399,369,42,9
2400,11,25,1
2401,259,64,9
2402,378,197,10
2403,496,72,9
2404,76,70,6
2405,431,104,10
2406,52,149,4
2407,426,68,5
2408,92,194,9
2409,132,91,8
2410,273,66,4
2411,320,169,4
2412,321,113,8
2413,270,103,10
2414,295,175,8
2415,261,150,4
2416,4,77,8
2417,404,71,4
2418,82,161,1
2419,145,171,6
2420,383,85,1
2421,328,87,7
2422,153,21,3
2423,268,110,4
2424,151,162,9
2425,61,161,2
2426,220,10,3
2427,131,188,5
2428,393,101,10
2429,73,132,7
2430,218,64,3
2431,295,63,8
2432,53,137,4
2433,226,29,8
2434,345,14,4
2435,320,72,4
2436,406,127,4
2437,5,116,8
2438,416,141,6
2439,244,131,4
2440,204,110,8
2441,166,78,9
2442,264,24,3
2443,151,127,2
2444,125,188,9
2445,299,119,1
2446,188,127,7
2447,224,80,6
2448,311,12,8
2449,458,10,1
2450,372,63,2
2451,436,66,9
2452,83,140,7
2453,280,96,9
2454,84,49,3
2455,282,59,10
2456,314,76,9
2457,198,130,7
2458,346,122,1
2459,302,154,3
2460,368,31,4
2461,89,162,7
2462,436,88,9
2463,316,21,9
2464,429,50,1
2465,155,137,9
2466,121,65,10
2467,118,163,6
2468,428,159,2
2469,122,103,1
2470,417,166,5
2471,287,23,8
2472,143,62,3
2473,328,43,8
2474,97,49,2
2475,190,106,6
2476,2,21,6
2477,432,172,4
2478,381,136,3
2479,366,194,9
2480,119,121,8
2481,172,174,8
2482,475,31,1
2483,16,141,5
2484,325,198,7
2485,203,57,1
2486,86,150,9
2487,168,198,9
2488,107,17,9
2489,492,44,9
2490,95,127,3
2491,471,24,7
2492,257,169,2
2493,82,166,10
2494,187,112,7
2495,13,177,4
2496,220,40,10
2497,300,105,3
2498,439,39,7
2499,382,172,1
2500,432,177,3
2501,279,129,3
2502,288,138,2
2503,373,144,9
2504,35,181,6
2505,483,54,1
2506,299,133,8
2507,325,157,2
2508,379,36,10
2509,319,21,4
2510,293,7,1
2511,340,42,4
2512,173,160,10
2513,210,81,4
2514,241,197,4
2515,368,142,1
2516,199,162,1
2517,263,146,10
2518,433,112,9
2519,394,66,10
2520,29,90,6
2521,78,48,9
2522,185,87,5
2523,394,43,2
2524,470,151,5
2525,323,68,9
2526,10,148,7
2527,111,47,8
2528,165,30,9
2529,285,69,4
2530,65,110,2
2531,459,159,3
2532,381,173,7
2533,142,162,1
2534,236,5,6
2535,3,166,2
2536,422,53,5
2537,456,65,7
2538,88,18,5
2539,223,146,8
2540,466,168,7
2541,4,105,6
2542,112,19,5
2543,483,134,3
2544,337,99,5
2545,244,132,7
2546,83,59,3
2547,307,1,9
2548,446,120,5
2549,491,36,4
2550,467,26,4
2551,29,85,1
2552,292,94,4
2553,310,194,8
2554,283,143,4
2555,370,45,5
2556,360,5,1
2557,43,199,2
2558,303,146,6
2559,198,190,1
2560,29,57,10
2561,128,130,8
2562,172,17,7
2563,84,195,7
2564,63,79,3
2565,331,107,8
2566,203,178,1
2567,138,25,5
2568,220,70,9
2569,228,122,7
2570,332,150,2
2571,353,9,9
2572,167,34,10
2573,32,70,7
2574,244,97,7
2575,407,1,2
2576,383,44,6
2577,348,116,2
2578,314,7,8
2579,22,143,6
2580,226,166,7
2581,318,93,8
2582,493,54,6
2583,298,30,1
2584,372,94,10
2585,364,121,9
2586,356,123,3
2587,170,132,9
2588,152,42,3
2589,254,168,6
2590,233,97,3
2591,309,161,4
2592,280,157,3
2593,123,15,10
2594,329,99,5
2595,42,63,4
2596,238,62,8
2597,317,102,5
2598,304,68,10
2599,144,142,6
2600,37,147,6
2601,450,82,3
2602,95,62,10
2603,486,35,1
2604,299,99,5
2605,255,84,4
2606,1,197,3
2607,468,76,8
2608,391,150,2
2609,222,132,7
2610,68,114,9
2611,288,35,2
2612,286,91,6
2613,17,164,2
2614,452,107,8
2615,283,178,4
2616,263,12,3
2617,234,105,3
2618,486,67,7
2619,268,23,4
2620,338,197,3
2621,312,42,9
2622,382,43,9
2623,300,144,3
2624,324,188,4
2625,21,61,8
2626,476,82,5
2627,120,104,1
2628,477,96,1
2629,271,100,7
2630,271,125,7
2631,81,114,4
2632,484,4,1
2633,448,174,10
2634,374,154,5
2635,231,52,1
2636,44,157,10
2637,156,83,2
2638,359,109,7
2639,216,152,4
2640,405,111,5
2641,24,11,7
2642,291,142,4
2643,289,78,4
2644,322,14,7
2645,279,66,3
2646,278,4,7
2647,442,141,1
2648,69,9,1
2649,302,11,2
2650,489,126,9
2651,424,7,6
2652,281,53,2
2653,343,160,3
2654,274,120,4
2655,437,44,6
2656,475,150,4
2657,137,14,9
2658,262,72,5
2659,226,46,8
2660,343,29,3
2661,83,158,9
2662,267,62,5
2663,63,155,4
2664,30,51,10
2665,140,16,6
2666,159,175,4
2667,328,66,8
2668,59,110,2
2669,479,180,7
2670,43,26,4
2671,470,19,9
2672,328,40,9
2673,154,177,6
2674,493,46,7
2675,311,151,5
2676,119,28,7
2677,340,45,1
2678,26,167,2
2679,174,1,3
2680,378,138,4
2681,491,23,3
2682,132,70,8
2683,373,126,9
2684,469,152,7
2685,498,71,3
2686,340,87,3
2687,250,66,10
2688,38,184,6
2689,162,184,1
2690,445,155,3
2691,365,160,2
2692,218,148,9
2693,8,190,9
2694,445,26,4
2695,166,72,9
2696,85,12,4
2697,355,124,3
2698,273,186,7
2699,174,56,1
2700,489,18,5
2701,168,183,7
2702,34,105,9
2703,354,1,6
2704,322,12,9
2705,202,37,1
2706,88,9,7
2707,325,64,9
2708,281,139,8
2709,7,10,1
2710,354,119,10
2711,371,85,5
2712,256,5,5
2713,61,188,1
2714,217,40,8
2715,62,53,7
2716,188,100,7
2717,122,124,5
2718,459,49,2
2719,286,31,5
2720,240,4,10
2721,29,11,5
2722,153,33,3
2723,388,150,2
2724,467,170,4
2725,150,123,9
2726,263,111,5
2727,85,98,2
2728,278,147,10
2729,120,180,8
2730,284,192,3
2731,411,53,5
2732,474,195,10
2733,449,90,4
2734,367,180,3
2735,388,93,9
2736,310,170,5
2737,294,18,5
2738,8,143,9
2739,377,60,7
2740,337,61,8
2741,460,14,3
2742,140,98,7
2743,493,23,4
2744,387,190,5
2745,311,89,7
2746,6,159,10
2747,274,139,9
2748,382,160,10
2749,79,33,6
2750,390,142,2
2751,335,178,10
2752,82,40,7
2753,234,129,9
2754,111,25,9
2755,109,85,5
2756,31,44,8
2757,355,106,8
2758,260,91,5
2759,129,98,2
2760,350,91,3
2761,301,170,9
2762,173,160,1
2763,237,41,9
2764,384,9,1
2765,116,178,10
2766,446,165,10
2767,255,82,8
2768,1,95,10
2769,274,130,4
2770,414,187,8
2771,92,30,2
2772,419,85,1
2773,499,137,3
2774,500,120,3
2775,229,37,4
2776,188,94,5
2777,22,188,10
2778,64,109,5
2779,223,16,5
2780,102,14,5
2781,146,154,5
2782,39,51,7
2783,208,140,7
2784,386,47,6
2785,144,131,9
2786,490,162,9
2787,215,91,7
2788,238,170,2
2789,18,2,2
2790,237,155,6
2791,438,84,4
2792,407,156,2
2793,462,100,4
2794,115,151,8
2795,176,109,10
2796,195,85,6
2797,268,165,3
2798,394,153,1
2799,499,31,8
2800,297,141,6
2801,439,53,7
2802,436,57,10
2803,48,69,3
2804,261,194,8
2805,395,70,8
2806,498,173,9
2807,255,86,7
2808,135,114,4
2809,375,153,2
2810,429,137,3
2811,329,123,7
2812,393,113,3
2813,201,123,7
2814,493,159,10
2815,230,33,1
2816,19,86,8
2817,3,196,4
2818,198,186,1
2819,222,118,3
2820,230,85,8
2821,101,82,5
2822,363,127,10
2823,158,146,1
2824,156,76,5
2825,146,147,3
2826,443,122,1
2827,396,164,9
2828,306,59,6
2829,329,86,10
2830,345,44,4
2831,4,192,1
2832,113,99,10
2833,12,116,10
2834,314,98,5
2835,435,156,9
2836,144,192,9
2837,442,52,5
2838,132,60,2
2839,375,165,1
2840,485,177,3
2841,445,140,1
2842,424,73,4
2843,470,94,2
2844,158,162,1
2845,438,176,4
2846,68,143,4
2847,57,111,10
2848,204,160,7
2849,376,64,6
2850,80,172,6
2851,302,22,8
2852,91,131,1
2853,80,155,5
2854,226,10,7
2855,12,130,3
2856,134,185,7
2857,415,68,8
2858,187,82,4
2859,69,2,7
2860,316,113,1
2861,33,31,3
2862,294,35,2
2863,172,176,5
2864,126,177,8
2865,317,11,4
2866,46,135,6
2867,286,6,9
2868,156,199,9
2869,232,106,4
2870,284,167,3
2871,30,6,10
2872,127,61,7
2873,73,159,3
2874,76,60,6
2875,98,9,4
2876,207,192,2
2877,39,120,7
2878,268,87,6
2879,459,132,9
2880,247,16,8
2881,346,103,3
2882,33,111,7
2883,179,95,3
2884,41,7,8
2885,199,94,8
2886,287,23,1
2887,151,11,4
2888,124,157,2
2889,76,136,9
2890,292,92,6
2891,469,84,8
2892,453,3,2
2893,64,116,6
2894,261,72,7
2895,178,180,6
2896,373,20,8
2897,158,95,6
2898,192,31,4
2899,318,127,4
2900,92,28,4
2901,112,16,2
2902,212,48,7
2903,361,24,7
2904,91,187,3
2905,27,95,6
2906,74,137,4
2907,435,142,4
2908,224,39,4
2909,351,167,2
2910,274,3,8
2911,200,43,10
2912,313,52,8
2913,500,69,6
2914,292,39,1
2915,202,198,1
2916,221,60,6
2917,304,192,8
2918,49,182,10
2919,376,63,4
2920,456,111,3
2921,118,115,10
2922,68,162,10
2923,124,89,9
2924,200,109,8
2925,319,173,3
2926,457,143,1
2927,294,117,7
2928,6,197,3
2929,98,106,9
2930,56,82,9
2931,477,154,6
2932,431,192,5
2933,39,165,1
2934,50,141,9
2935,265,39,5
2936,123,188,6
2937,194,31,7
2938,323,99,7
2939,63,84,6
2940,17,32,5
2941,190,101,3
2942,195,76,5
2943,268,8,9
2944,416,70,6
2945,395,78,9
2946,21,191,10
2947,101,175,3
2948,271,33,3
2949,121,33,3
2950,53,29,2
2951,456,13,4
2952,158,94,4
2953,390,75,7
2954,271,56,1
2955,115,74,2
2956,239,50,9
2957,464,20,6
2958,308,152,5
2959,33,31,6
2960,408,189,6
2961,250,181,5
2962,348,14,10
2963,263,32,1
2964,202,187,9
2965,121,145,6
2966,66,19,10
2967,76,130,10
2968,344,16,1
2969,199,161,5
2970,297,79,1
2971,189,74,4
2972,37,7,3
2973,397,112,1
2974,420,196,3
2975,63,71,7
2976,454,119,1
2977,319,86,6
2978,443,180,9
2979,77,75,5
2980,19,187,7
2981,385,92,2
2982,2,155,4
2983,213,27,5
2984,206,69,3
2985,91,60,3
2986,113,158,6
2987,108,177,4
2988,150,93,2
2989,79,62,2
2990,270,189,1
2991,489,144,9
2992,68,111,6
2993,362,92,4
2994,402,169,5
2995,262,161,7
2996,27,174,9
2997,192,114,7
2998,412,143,4
2999,492,69,2
3000,238,90,10
3001,426,13,1
3002,14,173,6
3003,302,106,2
3004,433,60,1
3005,57,171,1
3006,59,192,1
3007,18,53,3
3008,215,142,8
3009,352,181,2
3010,474,179,2
3011,221,121,2
3012,206,179,4
3013,392,114,5
3014,283,198,4
3015,274,117,4
3016,197,183,10
3017,44,84,6
3018,432,89,3
3019,223,122,2
3020,126,176,2
3021,349,88,5
3022,329,174,10
3023,187,63,2
3024,284,11,1
3025,7,95,4
3026,392,97,9
3027,182,105,3
3028,376,55,7
3029,27,95,1
3030,124,135,3
3031,204,154,7
3032,294,6,3
3033,94,184,9
3034,434,48,2
3035,21,156,5
3036,478,90,1
3037,376,162,4
3038,441,145,8
3039,446,145,6
3040,440,80,8
3041,221,163,4
3042,152,188,8
3043,186,70,7
3044,138,73,10
3045,129,145,1
3046,103,52,9
3047,404,93,4
3048,456,134,4
3049,51,1,5
3050,39,24,10
3051,452,159,2
3052,253,111,5
3053,415,39,8
3054,38,169,1
3055,441,82,6
3056,383,128,5
3057,490,144,2
3058,134,75,8
3059,60,19,4
3060,465,28,5
3061,475,52,6
3062,446,125,1
3063,288,171,1
3064,455,48,9
3065,346,82,9
3066,204,120,5
3067,146,170,5
3068,32,132,4
3069,160,118,3
3070,85,154,3
3071,91,109,6
3072,40,80,3
3073,246,22,6
3074,179,61,10
3075,75,30,10
3076,295,23,1
3077,69,25,4
3078,380,68,8
3079,40,138,8
3080,128,39,2
3081,208,65,10
3082,14,80,5
3083,164,143,8
3084,487,70,7
3085,380,82,8
3086,396,187,3
3087,360,106,4
3088,332,68,8
3089,497,83,4
3090,311,108,7
3091,421,178,3
3092,83,114,5
3093,204,130,6
3094,180,136,6
3095,163,9,1
3096,443,32,3
3097,81,125,1
3098,29,15,2
3099,394,149,2
3100,358,147,10
3101,9,164,5
3102,146,45,2
3103,241,104,2
3104,237,160,3
3105,221,194,9
3106,154,153,1
3107,351,39,6
3108,124,42,10
3109,102,185,2
3110,188,76,3
3111,380,60,10
3112,479,36,7
3113,60,76,6
3114,187,48,10
3115,275,178,3
3116,13,115,9
3117,386,115,8
3118,284,110,7
3119,11,30,5
3120,452,51,5
3121,446,122,7
3122,273,139,6
3123,284,43,2
3124,125,27,6
3125,263,186,6
3126,1,106,1
3127,8,200,7
3128,154,126,5
3129,68,117,3
3130,316,8,8
3131,249,184,5
3132,373,146,8
3133,421,75,2
3134,429,199,1
3135,214,57,7
3136,114,157,2
3137,247,145,3
3138,201,62,1
3139,112,69,8
3140,167,198,7
3141,427,173,4
3142,482,55,4
3143,165,161,2
3144,69,111,2
3145,92,184,5
3146,270,194,3
3147,142,13,2
3148,426,154,3
3149,329,65,4
3150,135,70,2
3151,351,77,2
3152,141,159,4
3153,99,169,3
3154,388,146,8
3155,233,157,9
3156,17,29,9
3157,262,12,9
3158,41,94,3
3159,440,66,6
3160,414,105,6
3161,182,129,5
3162,279,109,5
3163,358,179,8
3164,24,156,7
3165,252,185,6
3166,379,80,10
3167,421,108,5
3168,236,181,4
3169,188,17,9
3170,35,91,4
3171,455,78,10
3172,391,26,8
3173,345,152,9
3174,77,61,3
3175,18,200,2
3176,96,148,4
3177,49,66,10
3178,294,108,4
3179,1,191,4
3180,459,169,6
3181,114,69,4
3182,365,144,5
3183,5,22,5
3184,96,20,6
3185,445,157,10
3186,128,139,2
3187,11,25,8
3188,286,154,2
3189,354,182,2
3190,362,8,7
3191,241,149,6
3192,14,100,5
3193,276,191,10
3194,42,191,8
3195,205,144,6
3196,429,133,6
3197,52,108,10
3198,108,101,9
3199,145,97,7
3200,243,104,10
3201,422,86,10
3202,15,116,2
3203,165,130,2
3204,115,179,9
3205,133,24,8
3206,499,65,5
3207,304,15,4
3208,385,38,4
3209,306,53,10
3210,422,99,4
3211,255,131,7
3212,460,115,7
3213,301,98,8
3214,70,146,2
3215,361,45,7
3216,495,200,10
3217,273,28,7
3218,273,152,2
3219,267,100,8
3220,6,66,6
3221,408,72,10
3222,432,58,9
3223,68,76,8
3224,167,186,10
3225,497,11,5
3226,275,9,6
3227,95,15,1
3228,465,96,6
3229,288,27,10
3230,427,52,10
3231,48,170,10
3232,278,42,7
3233,482,46,9
3234,56,96,5
3235,331,155,10
3236,109,102,6
3237,32,198,1
3238,84,78,10
3239,67,10,3
3240,148,22,2
3241,160,3,2
3242,371,161,9
3243,276,69,8
3244,296,125,9
3245,424,169,7
3246,62,7,10
3247,98,194,9
3248,429,54,6
3249,245,119,2
3250,237,104,5
3251,439,53,2
3252,223,63,4
3253,123,64,3
3254,488,120,8
3255,191,59,1
3256,205,174,10
3257,401,87,9
3258,81,77,2
3259,135,17,4
3260,453,68,5
3261,302,25,10
3262,469,134,10
3263,159,11,2
3264,77,105,10
3265,380,189,3
3266,182,90,1
3267,418,27,3
3268,91,154,6
3269,403,26,1
3270,135,70,5
3271,121,28,7
3272,131,193,8
3273,155,34,6
3274,239,3,5
3275,282,190,8
3276,14,40,9
3277,448,152,2
3278,220,181,3
3279,63,198,10
3280,58,35,1
3281,294,131,9
3282,430,101,4
3283,406,28,8
3284,108,156,10
3285,326,193,7
3286,306,86,9
3287,26,18,2
3288,269,73,6
3289,53,137,3
3290,327,46,10
3291,432,14,4
3292,254,21,9
3293,74,113,10
3294,395,150,4
3295,73,88,10
3296,475,130,3
3297,145,167,5
3298,352,57,6
3299,351,76,8
3300,255,153,6
3301,230,94,8
3302,295,160,5
3303,177,150,2
3304,189,66,9
3305,7,96,3
3306,497,183,5
3307,455,139,9
3308,120,49,6
3309,2,107,3
3310,368,22,2
3311,192,133,2
3312,194,124,3
3313,126,109,10
3314,278,182,6
3315,303,184,2
3316,257,171,5
3317,215,96,1
3318,165,44,5
3319,155,73,9
3320,149,151,1
3321,341,40,5
3322,232,169,1
3323,35,35,1
3324,242,36,3
3325,367,181,2
3326,62,188,4
3327,415,165,10
3328,156,50,9
3329,229,19,10
3330,74,182,2
3331,329,142,6
3332,53,55,6
3333,85,192,6
3334,408,186,6
3335,319,48,5
3336,49,140,6
3337,488,193,6
3338,444,127,7
3339,300,123,4
3340,427,170,9
3341,142,146,9
3342,368,146,5
3343,266,162,2
3344,156,41,10
3345,91,164,9
3346,486,35,5
3347,35,92,7
3348,327,116,3
3349,426,33,9
3350,494,153,8
3351,38,124,1
3352,7,10,2
3353,315,92,1
3354,86,174,2
3355,4,155,8
3356,76,14,3
3357,235,165,5
3358,268,43,1
3359,414,25,10
3360,79,49,5
3361,212,52,2
3362,283,160,1
3363,364,161,3
3364,256,173,1
3365,81,91,9
3366,164,137,9
3367,53,18,8
3368,402,112,6
3369,81,151,10
3370,395,158,1
3371,189,1,4
3372,458,7,6
3373,100,150,3
3374,410,83,2
3375,128,196,3
3376,155,118,9
3377,52,116,7
3378,336,24,3
3379,284,59,6
3380,133,140,8
3381,359,55,9
3382,214,65,4
3383,104,25,7
3384,242,197,9
3385,438,42,9
3386,280,35,5
3387,493,195,8
3388,487,137,9
3389,364,164,5
3390,108,133,8
3391,23,196,10
3392,349,165,7
3393,495,67,3
3394,44,141,2
3395,7,64,2
3396,398,90,8
3397,206,125,2
3398,146,25,10
3399,425,34,3
3400,126,176,2
3401,479,177,2
3402,453,45,9
3403,275,57,9
3404,241,138,2
3405,131,176,10
3406,28,133,6
3407,393,76,6
3408,236,105,1
3409,208,27,5
3410,52,10,5
3411,216,90,7
3412,432,124,9
3413,320,74,1
3414,159,157,4
3415,14,90,4
3416,349,69,4
3417,431,31,4
3418,399,48,2
3419,243,162,10
3420,175,118,6
3421,174,94,4
3422,98,54,3
3423,261,81,3
3424,373,96,8
3425,139,167,2
3426,373,194,10
3427,64,66,3
3428,275,159,5
3429,485,42,1
3430,201,166,6
3431,120,43,7
3432,315,2,5
3433,202,191,7
3434,239,6,7
3435,398,143,7
3436,13,138,7
3437,158,68,2
3438,79,31,3
3439,361,152,9
3440,78,82,7
3441,138,139,4
3442,431,48,10
3443,189,184,8
3444,77,177,1
3445,230,135,6
3446,158,71,3
3447,110,22,6
3448,76,164,8
3449,493,28,6
3450,490,145,1
3451,370,39,1
3452,409,165,3
3453,316,8,3
3454,457,15,6
3455,144,38,7
3456,439,197,5
3457,161,32,10
3458,493,73,8
3459,255,164,3
3460,209,72,10
3461,499,88,8
3462,372,59,3
3463,109,185,10
3464,115,68,5
3465,370,108,9
3466,12,105,6
3467,272,125,8
3468,282,54,7
3469,278,156,7
3470,151,37,1
3471,466,162,2
3472,477,169,3
3473,348,169,9
3474,109,32,9
3475,457,115,3
3476,348,87,7
3477,477,4,9
3478,232,109,1
3479,108,1,5
3480,104,33,3
3481,100,134,1
3482,415,8,4
3483,245,198,8
3484,426,144,5
3485,247,110,5
3486,394,76,10
3487,375,193,4
3488,309,34,2
3489,300,163,1
3490,338,33,7
3491,435,63,2
3492,401,47,2
3493,65,185,9
3494,283,67,3
3495,136,57,2
3496,439,32,3
3497,339,81,6
3498,443,199,8
3499,332,11,3
3500,314,23,6
3501,187,183,5
3502,461,143,9
3503,270,164,6
3504,457,181,4
3505,233,68,5
3506,275,107,5
3507,146,49,4
3508,171,180,2
3509,301,107,6
3510,227,59,7
3511,204,174,9
3512,344,46,7
3513,327,122,6
3514,207,98,5
3515,47,149,8
3516,55,168,1
3517,179,99,10
3518,44,171,5
3519,66,190,4
3520,463,55,1
3521,358,97,3
3522,263,98,6
3523,122,49,4
3524,176,178,1
3525,173,86,1
3526,266,129,4
3527,4,23,10
3528,394,64,4
3529,124,82,8
3530,245,193,5
3531,35,38,8
3532,479,125,9
3533,2,46,7
3534,295,48,1
3535,207,9,1
3536,465,177,4
3537,351,42,1
3538,435,162,6
3539,142,86,4
3540,343,102,6
3541,47,97,10
3542,484,18,10
3543,344,27,5
3544,294,6,5
3545,350,172,8
3546,238,151,6
3547,235,197,3
3548,347,57,7
3549,83,74,5
3550,471,44,7
3551,7,150,9
3552,75,64,6
3553,428,185,3
3554,2,154,10
3555,458,144,5
3556,475,162,10
3557,177,115,1
3558,336,198,3
3559,402,63,7
3560,276,199,5
3561,255,184,9
3562,148,142,8
3563,322,13,1
3564,412,131,2
3565,500,85,5
3566,229,63,9
3567,420,1,1
3568,266,20,9
3569,234,164,1
3570,14,87,2
3571,438,20,1
3572,327,124,8
3573,473,130,8
3574,267,31,6
3575,122,189,2
3576,300,116,1
3577,102,192,9
3578,390,26,10
3579,169,50,8
3580,245,18,1
3581,272,81,10
3582,15,16,5
3583,470,26,1
3584,1,80,1
3585,292,58,5
3586,98,169,10
3587,399,28,3
3588,263,11,5
3589,89,9,2
3590,4,149,7
3591,325,180,10
3592,102,90,4
3593,489,57,9
3594,352,138,10
3595,412,111,10
3596,115,96,4
3597,490,164,2
3598,68,138,5
3599,291,17,6
3600,426,104,4
3601,270,14,3
3602,384,113,3
3603,114,41,10
3604,402,98,9
3605,363,112,6
3606,169,182,8
3607,494,108,5
3608,459,174,8
3609,295,148,3
3610,43,123,1
3611,324,141,4
3612,284,10,6
3613,445,42,8
3614,144,17,4
3615,243,36,6
3616,419,70,7
3617,485,162,3
3618,235,36,5
3619,104,198,7
3620,179,94,10
3621,45,50,7
3622,341,33,1
3623,53,175,2
3624,410,77,9
3625,204,164,4
3626,173,108,4
3627,82,46,6
3628,134,5,2
3629,84,124,6
3630,200,6,9
3631,256,170,5
3632,325,90,6
3633,96,90,4
3634,350,183,7
3635,107,54,10
3636,243,4,10
3637,92,45,7
3638,161,28,6
3639,492,90,7
3640,426,45,5
3641,211,178,8
3642,414,170,10
3643,398,188,2
3644,499,91,8
3645,365,85,3
3646,138,13,1
3647,55,82,5
3648,393,94,2
3649,26,74,6
3650,162,198,7
3651,18,195,4
3652,498,194,1
3653,432,185,6
3654,17,100,2
3655,50,20,1
3656,63,149,6
3657,328,128,10
3658,351,38,5
3659,465,12,3
3660,87,147,2
3661,166,120,2
3662,266,35,8
3663,431,55,7
3664,141,154,5
3665,89,83,10
3666,382,107,5
3667,374,172,8
3668,407,174,8
3669,185,177,1
3670,79,138,9
3671,46,28,8
3672,290,24,1
3673,191,2,3
3674,5,183,9
3675,326,148,4
3676,126,123,7
3677,77,7,8
3678,170,29,6
3679,397,93,4
3680,257,96,9
3681,198,81,5
3682,151,50,5
3683,234,102,4
3684,354,112,8
3685,178,104,3
3686,116,101,5
3687,322,172,2
3688,395,32,4
3689,199,66,4
3690,123,153,4
3691,17,35,3
3692,200,126,3
3693,412,101,2
3694,295,43,8
3695,108,169,4
3696,85,1,4
3697,426,196,5
3698,211,67,6
3699,116,67,6
3700,491,46,6
3701,455,13,10
3702,423,104,7
3703,163,88,7
3704,114,7,2
3705,203,87,8
3706,256,61,3
3707,360,128,7
3708,297,52,3
3709,41,57,1
3710,412,174,8
3711,95,65,1
3712,165,125,3
3713,99,149,9
3714,60,37,6
3715,90,97,4
3716,412,19,10
3717,185,179,4
3718,128,164,5
3719,443,26,5
3720,288,95,7
3721,305,188,6
3722,492,16,10
3723,127,23,8
3724,388,67,9
3725,321,24,8
3726,38,162,10
3727,168,118,1
3728,13,107,6
3729,341,117,8
3730,460,106,8
3731,333,176,3
3732,121,60,4
3733,371,110,2
3734,476,185,2
3735,432,20,3
3736,314,79,4
3737,150,39,9
3738,365,38,2
3739,13,36,9
3740,496,12,7
3741,146,103,3
3742,424,157,5
3743,416,43,9
3744,112,174,8
3745,158,42,9
3746,440,79,4
3747,450,41,9
3748,294,115,3
3749,1,164,1
3750,280,191,6
3751,398,166,1
3752,137,56,7
3753,469,35,5
3754,54,32,8
3755,211,148,4
3756,337,58,2
3757,270,102,2
3758,393,24,6
3759,391,77,9
3760,412,81,2
3761,166,98,5
3762,420,184,6
3763,41,31,6
3764,155,92,3
3765,351,132,5
3766,461,87,7
3767,442,130,3
3768,302,15,4
3769,337,156,7
3770,315,129,4
3771,152,10,5
3772,255,36,7
3773,243,79,2
3774,235,33,7
3775,457,187,9
3776,465,155,3
3777,246,13,2
3778,382,53,2
3779,19,186,10
3780,459,174,9
3781,400,79,10
3782,487,20,7
3783,382,94,3
3784,345,119,5
3785,485,124,1
3786,240,82,9
3787,321,71,9
3788,388,162,6
3789,475,44,6
3790,405,1,8
3791,496,58,2
3792,176,151,3
3793,447,15,7
3794,354,101,7
3795,25,70,8
3796,211,11,10
3797,297,68,3
3798,138,5,3
3799,329,181,8
3800,200,61,6
3801,477,53,10
3802,496,192,6
3803,298,134,5
3804,276,12,5
3805,215,61,10
3806,324,142,9
3807,463,141,1
3808,128,136,7
3809,120,57,9
3810,323,134,4
3811,216,58,9
3812,236,139,1
3813,25,159,6
3814,85,132,3
3815,164,123,8
3816,379,62,1
3817,431,130,9
3818,33,44,10
3819,291,145,7
3820,43,168,7
3821,349,146,10
3822,38,53,10
3823,229,181,5
3824,339,123,8
3825,56,113,4
3826,363,8,6
3827,36,147,7
3828,488,150,10
3829,356,151,1
3830,66,31,4
3831,350,69,8
3832,149,96,6
3833,230,132,9
3834,356,178,7
3835,303,138,9
3836,355,138,2
3837,92,163,2
3838,63,95,4
3839,63,77,1
3840,498,177,4
3841,252,178,8
3842,79,137,10
3843,363,128,9
3844,159,25,3
3845,348,165,8
3846,52,120,8
3847,5,10,4
3848,197,7,8
3849,391,9,8
3850,234,82,8
3851,298,74,3
3852,260,186,7
3853,168,123,1
3854,493,130,4
3855,101,165,9
3856,412,1,2
3857,142,59,7
3858,301,42,3
3859,257,55,1
3860,331,27,2
3861,222,163,8
3862,335,198,2
3863,129,127,9
3864,257,8,8
3865,97,144,3
3866,373,158,3
3867,268,62,4
3868,30,51,1
3869,390,4,10
3870,70,178,10
3871,186,198,8
3872,287,91,5
3873,275,163,9
3874,107,98,3
3875,17,182,1
3876,376,43,5
3877,338,163,8
3878,204,67,8
3879,10,66,2
3880,394,193,3
3881,219,172,8
3882,77,12,6
3883,193,119,10
3884,232,72,10
3885,413,164,1
3886,247,146,3
3887,334,105,5
3888,344,38,4
3889,443,33,10
3890,122,194,3
3891,433,106,7
3892,412,5,9
3893,364,188,7
3894,154,96,6
3895,469,165,6
3896,112,193,6
3897,77,84,2
3898,25,26,7
3899,262,30,8
3900,35,8,2
3901,77,91,8
3902,188,135,6
3903,44,160,7
3904,464,188,9
3905,316,68,9
3906,278,5,9
3907,485,2,1
3908,498,77,6
3909,365,137,6
3910,13,64,1
3911,369,34,1
3912,99,162,2
3913,134,120,8
3914,277,30,7
3915,125,158,6
3916,160,64,9
3917,355,154,1
3918,280,94,10
3919,20,57,8
3920,86,196,8
3921,304,107,7
3922,263,92,4
3923,69,41,9
3924,202,109,10
3925,25,14,3
3926,432,91,9
3927,417,173,7
3928,459,25,6
3929,219,99,1
3930,476,177,1
3931,273,154,8
3932,227,189,9
3933,151,166,2
3934,126,32,1
3935,29,16,10
3936,285,140,4
3937,114,146,10
3938,463,29,8
3939,358,44,2
3940,90,128,1
3941,134,21,3
3942,67,109,6
3943,420,37,10
3944,204,9,2
3945,436,48,8
3946,78,6,3
3947,484,31,8
3948,185,189,7
3949,480,180,10
3950,479,176,3
3951,262,52,2
3952,30,3,9
3953,92,89,4
3954,438,142,9
3955,450,191,5
3956,318,84,10
3957,489,34,5
3958,155,39,1
3959,285,81,9
3960,488,20,6
3961,424,165,3
3962,98,16,7
3963,106,166,8
3964,176,119,9
3965,110,103,1
3966,417,11,6
3967,378,52,3
3968,261,148,3
3969,439,182,4
3970,385,170,2
3971,268,123,1
3972,180,10,7
3973,100,74,5
3974,453,158,3
3975,283,66,3
3976,16,124,10
3977,498,118,10
3978,221,56,9
3979,363,84,3
3980,401,97,1
3981,373,163,3
3982,71,59,8
3983,249,159,10
3984,96,182,3
3985,3,37,4
3986,274,155,6
3987,243,169,5
3988,322,129,7
3989,161,146,2
3990,226,59,9
3991,423,33,2
3992,69,18,1
3993,351,200,1
3994,261,8,2
3995,336,119,6
3996,128,182,5
3997,278,145,10
3998,378,128,6
3999,372,107,7
4000,103,31,2
4001,267,31,7
4002,273,163,5
4003,3,154,3
4004,303,83,3
4005,190,149,9
4006,175,186,5
4007,111,16,3
4008,289,171,5
4009,232,167,3
4010,408,150,6
4011,190,140,4
4012,386,70,1
4013,293,86,10
4014,346,119,2
4015,265,108,4
4016,48,146,2
4017,348,18,10
4018,1,150,6
4019,164,52,10
4020,27,3,6
4021,191,59,9
4022,368,187,3
4023,437,49,10
4024,491,42,4
4025,151,30,1
4026,160,97,1
4027,130,77,3
4028,350,50,5
4029,260,176,7
4030,260,118,2
4031,355,39,7
4032,117,45,8
4033,165,82,4
4034,427,128,1
4035,367,158,1
4036,21,69,7
4037,234,151,1
4038,134,165,9
4039,217,178,9
4040,84,80,2
4041,183,160,10
4042,230,146,10
4043,260,65,2
4044,340,16,2
4045,152,195,3
4046,49,94,6
4047,351,104,3
4048,159,174,1
4049,218,187,2
4050,392,35,1
4051,427,127,8
4052,141,78,1
4053,5,179,4
4054,241,124,5
4055,412,196,7
4056,205,98,2
4057,112,55,4
4058,203,117,4
4059,253,60,7
4060,428,125,8
4061,182,148,8
4062,239,5,2
4063,139,179,10
4064,244,166,10
4065,44,79,9
4066,263,176,3
4067,200,103,9
4068,1,171,7
4069,52,50,4
4070,163,29,4
4071,353,85,9
4072,24,108,6
4073,449,135,8
4074,200,125,8
4075,415,185,9
4076,275,57,2
4077,289,174,5
4078,3,3,1
4079,167,181,1
4080,269,74,2
4081,65,28,5
4082,383,112,10
4083,253,94,1
4084,73,35,4
4085,260,134,1
4086,398,57,6
4087,383,25,10
4088,475,171,6
4089,132,46,3
4090,231,13,5
4091,455,5,8
4092,135,101,2
4093,405,165,7
4094,315,94,2
4095,3,167,1
4096,470,75,1
4097,176,43,10
4098,181,36,7
4099,59,99,4
4100,111,59,2
4101,83,22,9
4102,255,71,5
4103,81,141,8
4104,314,43,3
4105,172,195,4
4106,290,180,7
4107,491,152,7
4108,70,153,10
4109,222,128,9
4110,80,75,5
4111,90,55,7
4112,494,105,3
4113,281,182,8
4114,357,197,1
4115,189,82,9
4116,378,69,2
4117,321,155,7
4118,446,41,8
4119,78,8,10
4120,13,131,5
4121,199,99,2
4122,114,98,6
4123,50,172,8
4124,132,30,10
4125,417,67,9
4126,116,116,6
4127,178,47,2
4128,228,168,5
4129,398,113,6
4130,76,54,10
4131,18,15,9
4132,69,159,8
4133,472,196,8
4134,304,150,1
4135,331,165,9
4136,423,70,5
4137,117,169,2
4138,246,109,10
4139,359,145,10
4140,433,8,10
4141,37,148,5
4142,478,3,7
4143,282,61,2
4144,36,161,5
4145,456,100,1
4146,449,147,9
4147,321,52,6
4148,9,48,9
4149,452,122,3
4150,263,62,3
4151,102,146,10
4152,392,67,1
4153,436,183,2
4154,462,10,8
4155,83,171,2
4156,377,71,3
4157,18,22,8
4158,260,178,10
4159,127,46,8
4160,265,8,4
4161,48,74,10
4162,44,112,9
4163,190,147,5
4164,260,189,1
4165,301,200,6
4166,76,5,5
4167,306,114,5
4168,51,149,5
4169,139,195,7
4170,172,14,10
4171,208,190,5
4172,476,119,8
4173,103,144,9
4174,63,123,1
4175,484,179,9
4176,339,54,2
4177,254,70,9
4178,319,171,4
4179,374,166,7
4180,420,134,5
4181,342,53,5
4182,413,113,3
4183,444,61,2
4184,226,60,8
4185,90,31,6
4186,459,136,9
4187,2,84,4
4188,406,35,3
4189,410,27,8
4190,139,40,5
4191,121,83,1
4192,426,146,3
4193,14,128,6
4194,180,193,4
4195,323,111,6
4196,211,190,7
4197,213,55,3
4198,136,133,9
4199,297,57,5
4200,313,157,5
4201,342,123,5
4202,38,111,6
4203,431,146,9
4204,212,136,1
4205,475,172,6
4206,184,193,7
4207,391,50,3
4208,1,2,7
4209,393,156,10
4210,214,172,3
4211,380,59,8
4212,240,16,9
4213,166,181,1
4214,452,10,2
4215,175,25,10
4216,233,109,7
4217,426,90,10
4218,349,175,9
4219,64,99,4
4220,58,46,9
4221,101,66,1
4222,40,183,10
4223,194,153,4
4224,436,126,2
4225,190,118,6
4226,366,9,10
4227,198,146,7
4228,443,122,1
4229,348,40,10
4230,352,85,6
4231,425,7,5
4232,74,47,9
4233,182,155,7
4234,377,80,8
4235,8,8,4
4236,356,130,6
4237,432,29,7
4238,198,17,4
4239,170,158,5
4240,285,77,6
4241,247,98,10
4242,379,130,5
4243,342,158,9
4244,268,175,2
4245,4,95,7
4246,275,114,2
4247,420,134,8
4248,47,150,9
4249,362,134,6
4250,146,89,4
4251,112,144,10
4252,156,55,1
4253,55,105,5
4254,112,46,1
4255,202,88,9
4256,404,48,7
4257,200,43,5
4258,72,151,1
4259,358,33,9
4260,428,105,4
4261,429,60,5
4262,111,48,2
4263,175,110,5
4264,163,157,2
4265,162,139,4
4266,75,22,5
4267,376,122,1
4268,326,148,4
4269,477,80,7
4270,303,138,6
4271,417,25,9
4272,212,50,5
4273,424,51,4
4274,415,181,7
4275,224,15,2
4276,368,101,9
4277,176,32,7
4278,386,199,9
4279,417,102,5
4280,383,30,10
4281,105,166,7
4282,370,125,8
4283,192,174,5
4284,120,81,4
4285,302,59,5
4286,184,6,8
4287,111,83,9
4288,375,178,9
4289,321,162,4
4290,358,107,4
4291,470,51,5
4292,151,17,8
4293,412,86,7
4294,6,46,9
4295,366,173,3
4296,36,150,7
4297,366,176,1
4298,292,27,6
4299,125,47,4
4300,105,115,8
4301,196,5,10
4302,157,39,3
4303,92,78,1
4304,252,74,10
4305,138,71,8
4306,300,36,6
4307,132,13,9
4308,108,134,10
4309,396,57,5
4310,436,29,8
4311,471,191,10
4312,107,109,8
4313,235,16,7
4314,133,96,5
4315,158,176,9
4316,317,36,10
4317,429,96,1
4318,3,140,9
4319,479,154,2
4320,70,19,10
4321,48,97,4
4322,205,61,4
4323,146,91,3
4324,80,52,9
4325,185,123,3
4326,42,69,8
4327,409,172,8
4328,214,15,2
4329,105,6,5
4330,4,129,5
4331,189,175,1
4332,303,5,1
4333,369,62,7
4334,160,22,9
4335,455,51,9
4336,308,128,4
4337,98,112,4
4338,176,104,3
4339,268,15,8
4340,360,184,9
4341,319,198,8
4342,137,141,3
4343,191,113,3
4344,132,186,6
4345,440,4,5
4346,108,30,1
4347,311,34,2
4348,232,49,3
4349,170,122,9
4350,311,166,7
4351,282,19,7
4352,366,165,1
4353,391,113,1
4354,72,68,3
4355,233,134,1
4356,448,189,4
4357,350,64,3
4358,255,146,8
4359,454,107,4
4360,39,103,9
4361,452,112,4
4362,264,109,7
4363,371,196,1
4364,428,104,6
4365,408,4,3
4366,217,70,9
4367,499,173,5
4368,286,42,10
4369,308,191,9
4370,402,44,2
4371,185,124,7
4372,300,80,4
4373,418,95,9
4374,305,129,1
4375,207,145,4
4376,363,162,4
4377,427,174,7
4378,209,44,4
4379,240,72,3
4380,130,82,3
4381,363,166,3
4382,54,170,5
4383,449,39,9
4384,244,36,1
4385,384,50,6
4386,57,16,3
4387,144,55,9
4388,337,43,4
4389,201,90,3
4390,362,73,5
4391,149,174,5
4392,190,174,5
4393,192,144,1
4394,311,191,4
4395,428,123,6
4396,410,53,10
4397,129,108,2
4398,124,36,2
4399,306,99,6
4400,424,109,8
4401,387,57,5
4402,199,130,3
4403,388,184,1
4404,287,93,4
4405,270,28,6
4406,277,128,3
4407,373,170,3
4408,332,3,4
4409,268,143,10
4410,134,25,6
4411,369,20,9
4412,145,134,2
4413,462,100,8
4414,191,124,6
4415,393,36,5
4416,28,162,3
4417,391,155,6
4418,365,111,4
4419,247,16,2
4420,43,169,7
4421,133,102,5
4422,489,16,10
4423,234,164,6
4424,400,86,4
4425,445,158,2
4426,385,151,5
4427,168,187,6
4428,38,124,7
4429,7,174,6
4430,244,4,2
4431,94,90,10
4432,315,80,9
4433,368,196,2
4434,410,59,1
4435,77,149,5
4436,65,186,10
4437,447,189,1
4438,437,24,3
4439,51,132,5
4440,178,88,6
4441,413,98,6
4442,456,196,6
4443,450,138,1
4444,109,159,3
4445,241,144,4
4446,51,129,1
4447,392,168,8
4448,489,27,1
4449,283,62,9
4450,169,176,1
4451,318,62,8
4452,177,91,10
4453,495,115,9
4454,151,3,7
4455,271,122,10
4456,320,163,2
4457,480,33,9
4458,342,86,1
4459,53,67,3
4460,392,189,7
4461,37,30,3
4462,465,9,6
4463,199,85,10
4464,235,58,5
4465,405,157,2
4466,39,164,6
4467,389,1,1
4468,145,182,8
4469,227,132,4
4470,112,111,1
4471,185,66,2
4472,252,154,8
4473,368,141,10
4474,271,61,3
4475,496,75,10
4476,232,186,8
4477,128,151,9
4478,16,110,9
4479,473,75,2
4480,143,60,4
4481,395,57,6
4482,247,51,8
4483,261,112,7
4484,85,68,8
4485,106,33,7
4486,233,37,5
4487,53,116,7
4488,204,36,8
4489,253,6,1
4490,310,172,8
4491,478,98,4
4492,324,198,8
4493,245,29,5
4494,301,138,9
4495,219,102,3
4496,381,108,7
4497,220,62,3
4498,259,110,7
4499,189,95,2
4500,67,58,7
4501,24,194,8
4502,238,147,6
4503,29,184,5
4504,250,196,6
4505,310,134,3
4506,403,167,9
4507,368,156,7
4508,444,8,5
4509,66,119,10
4510,69,188,3
4511,37,105,1
4512,338,98,3
4513,25,177,1
4514,218,159,5
4515,364,89,4
4516,333,104,4
4517,291,45,7
4518,342,187,5
4519,313,182,1
4520,499,82,8
4521,64,45,5
4522,458,162,6
4523,293,57,8
4524,364,134,10
4525,426,175,3
4526,263,7,9
4527,402,149,5
4528,288,130,9
4529,115,72,2
4530,240,37,1
4531,493,150,8
4532,7,105,6
4533,179,42,9
4534,273,170,10
4535,287,149,1
4536,285,63,8
4537,128,8,5
4538,460,184,7
4539,161,62,1
4540,359,73,9
4541,474,114,3
4542,39,183,1
4543,286,184,8
4544,259,151,8
4545,84,16,6
4546,333,171,9
4547,403,34,1
4548,65,167,3
4549,426,118,6
4550,151,31,5
4551,18,109,7
4552,171,42,5
4553,5,78,7
4554,133,164,9
4555,403,74,7
4556,198,109,8
4557,15,159,5
4558,11,13,10
4559,307,63,2
4560,478,143,5
4561,212,106,10
4562,291,113,2
4563,4,98,7
4564,9,76,3
4565,475,188,6
4566,83,55,2
4567,69,101,4
4568,136,182,9
4569,363,56,5
4570,350,195,1
4571,36,67,10
4572,208,65,2
4573,47,80,8
4574,174,59,6
4575,452,149,1
4576,59,44,3
4577,132,144,8
4578,199,153,5
4579,67,189,5
4580,486,4,8
4581,153,137,2
4582,184,110,4
4583,444,21,9
4584,164,68,8
4585,260,48,3
4586,72,47,10
4587,412,63,3
4588,499,148,7
4589,323,113,3
4590,369,174,1
4591,72,188,4
4592,11,189,3
4593,110,117,2
4594,192,187,9
4595,380,7,1
4596,113,81,3
4597,378,115,7
4598,6,64,1
4599,297,115,6
4600,471,200,4
4601,437,88,6
4602,428,149,2
4603,450,126,9
4604,391,195,4
4605,285,58,4
4606,390,96,8
4607,233,27,4
4608,75,175,7
4609,136,199,7
4610,286,49,4
4611,357,188,2
4612,339,187,8
4613,48,51,10
4614,445,95,2
4615,320,103,8
4616,124,57,4
4617,451,102,2
4618,298,46,1
4619,30,49,7
4620,97,126,8
4621,50,152,4
4622,189,69,5
4623,309,73,2
4624,26,17,6
4625,37,119,9
4626,148,2,5
4627,353,180,1
4628,246,174,10
4629,92,81,1
4630,155,39,9
4631,57,5,10
4632,313,116,9
4633,285,27,5
4634,430,76,1
4635,472,6,3
4636,467,117,7
4637,262,167,3
4638,450,159,4
4639,86,25,8
4640,291,46,3
4641,386,146,2
4642,94,198,8
4643,238,184,1
4644,483,63,4
4645,271,91,8
4646,235,154,4
4647,31,14,6
4648,394,21,1
4649,439,126,9
4650,284,5,7
4651,392,164,1
4652,461,59,4
4653,350,190,8
4654,165,41,10
4655,167,131,6
4656,93,200,9
4657,114,75,3
4658,86,92,10
4659,216,142,7
4660,422,141,3
4661,405,100,3
4662,270,76,5
4663,110,193,4
4664,169,165,4
4665,435,159,4
4666,490,135,6
4667,311,125,6
4668,127,113,4
4669,450,128,8
4670,329,130,6
4671,59,146,1
4672,104,42,2
4673,365,99,7
4674,74,130,1
4675,50,167,5
4676,274,81,10
4677,306,141,5
4678,90,65,4
4679,472,181,2
4680,442,161,6
4681,489,28,4
4682,250,118,10
4683,116,163,5
4684,203,153,9
4685,347,131,6
4686,270,31,8
4687,288,31,3
4688,125,70,6
4689,22,64,10
4690,354,113,3
4691,494,135,6
4692,258,146,7
4693,481,38,7
4694,172,20,6
4695,184,67,4
4696,327,185,8
4697,291,152,2
4698,479,18,6
4699,47,97,7
4700,347,61,8
4701,487,34,6
4702,485,180,1
4703,146,19,4
4704,369,171,4
4705,269,98,1
4706,53,42,1
4707,304,130,1
4708,373,186,1
4709,424,111,9
4710,369,77,2
4711,433,65,4
4712,440,61,2
4713,154,162,4
4714,321,91,6
4715,317,44,10
4716,487,168,10
4717,159,57,5
4718,234,152,8
4719,240,105,10
4720,101,23,4
4721,103,67,4
4722,349,187,7
4723,491,125,1
4724,216,145,1
4725,80,98,7
4726,423,180,3
4727,359,188,10
4728,471,116,8
4729,305,79,6
4730,264,134,5
4731,38,48,10
4732,243,145,5
4733,323,129,8
4734,78,48,1
4735,277,111,5
4736,303,23,7
4737,478,29,7
4738,289,76,9
4739,309,167,8
4740,440,74,8
4741,404,130,7
4742,493,144,6
4743,493,100,1
4744,441,21,8
4745,23,91,1
4746,87,124,8
4747,493,173,4
4748,230,141,2
4749,61,106,9
4750,163,171,6
4751,62,80,7
4752,439,53,5
4753,39,198,7
4754,214,29,8
4755,477,39,1
4756,177,136,1
4757,419,20,5
4758,446,135,8
4759,194,77,4
4760,183,138,7
4761,366,27,3
4762,239,149,6
4763,146,103,5
4764,53,37,8
4765,291,119,6
4766,428,160,10
4767,142,42,4
4768,18,145,4
4769,288,161,5
4770,22,160,2
4771,227,48,7
4772,110,103,4
4773,130,37,1
4774,70,152,9
4775,432,147,1
4776,243,27,1
4777,167,52,7
4778,320,49,3
4779,160,78,3
4780,349,118,10
4781,103,159,2
4782,115,117,7
4783,241,80,4
4784,325,195,6
4785,422,76,3
4786,392,133,5
4787,68,200,2
4788,55,65,6
4789,22,157,2
4790,150,184,2
4791,314,104,2
4792,475,63,6
4793,323,187,6
4794,221,71,2
4795,304,46,4
4796,33,164,4
4797,230,54,8
4798,162,137,4
4799,228,144,5
4800,443,148,5
4801,417,193,3
4802,104,75,9
4803,146,11,7
4804,394,182,3
4805,100,133,3
4806,429,196,6
4807,87,169,10
4808,262,138,3
4809,471,56,10
4810,138,129,5
4811,119,36,2
4812,322,157,10
4813,190,95,2
4814,236,186,3
4815,134,82,9
4816,235,70,5
4817,197,119,1
4818,136,46,4
4819,439,6,3
4820,20,25,1
4821,499,14,7
4822,308,152,5
4823,423,163,10
4824,248,94,8
4825,142,187,2
4826,12,174,4
4827,344,195,8
4828,359,170,8
4829,55,8,7
4830,182,144,5
4831,76,129,7
4832,297,176,3
4833,96,124,6
4834,4,43,1
4835,190,77,6
4836,131,158,4
4837,456,88,4
4838,259,72,10
4839,282,111,6
4840,303,69,5
4841,390,32,8
4842,17,161,2
4843,115,132,10
4844,137,102,9
4845,210,143,3
4846,121,67,9
4847,371,17,7
4848,93,160,6
4849,79,127,1
4850,441,116,9
4851,7,24,4
4852,78,28,6
4853,57,24,10
4854,477,77,2
4855,260,41,7
4856,493,179,7
4857,316,13,1
4858,103,58,9
4859,368,164,6
4860,5,193,9
4861,1,95,8
4862,204,18,1
4863,423,56,1
4864,135,29,3
4865,372,177,8
4866,149,74,3
4867,199,131,6
4868,401,36,4
4869,321,11,9
4870,324,157,4
4871,124,42,8
4872,70,131,3
4873,368,73,9
4874,62,109,8
4875,296,27,7
4876,316,149,3
4877,209,188,6
4878,474,14,2
4879,479,15,9
4880,284,182,10
4881,204,140,3
4882,489,112,9
4883,449,49,9
4884,290,187,9
4885,282,9,8
4886,181,41,4
4887,399,49,9
4888,177,163,7
4889,419,166,7
4890,117,100,8
4891,41,110,10
4892,435,41,7
4893,191,122,7
4894,115,11,4
4895,300,48,8
4896,120,124,7
4897,39,24,2
4898,148,57,7
4899,299,167,1
4900,483,133,7
4901,231,181,4
4902,150,63,1
4903,405,176,4
4904,347,27,2
4905,420,200,2
4906,412,91,4
4907,132,26,2
4908,474,42,10
4909,381,21,9
4910,392,160,1
4911,261,111,4
4912,5,183,8
4913,54,131,4
4914,394,191,3
4915,453,56,8
4916,162,133,1
4917,434,29,7
4918,203,14,2
4919,408,26,6
4920,442,94,2
4921,241,114,9
4922,481,83,10
4923,334,23,8
4924,406,133,4
4925,93,179,6
4926,24,120,7
4927,113,124,4
4928,390,110,6
4929,446,97,3
4930,3,40,5
4931,257,146,6
4932,266,67,5
4933,328,57,6
4934,414,156,4
4935,150,79,8
4936,465,85,6
4937,79,161,3
4938,468,120,5
4939,38,153,9
4940,91,76,2
4941,77,79,10
4942,336,15,4
4943,212,165,6
4944,147,137,1
4945,491,46,3
4946,67,114,1
4947,273,178,2
4948,332,88,5
4949,484,169,5
4950,10,10,9
4951,378,52,2
4952,330,105,8
4953,287,174,4
4954,23,63,8
4955,107,11,5
4956,277,80,3
4957,106,168,2
4958,468,167,7
4959,325,125,1
4960,367,5,7
4961,80,162,6
4962,418,122,2
4963,449,54,10
4964,368,163,8
4965,400,67,7
4966,334,176,8
4967,394,62,2
4968,50,197,3
4969,235,163,4
4970,139,35,8
4971,370,19,7
4972,104,109,3
4973,35,6,8
4974,424,28,10
4975,433,148,8
4976,301,118,8
4977,237,81,8
4978,107,100,3
4979,258,42,7
4980,457,167,10
4981,257,140,8
4982,140,123,5
4983,411,58,8
4984,479,193,5
4985,364,147,1
4986,427,38,9
4987,276,39,7
4988,342,15,7
4989,368,166,10
4990,369,167,2
4991,370,168,3
4992,371,169,4
4993,372,170,5
4994,373,171,6
4995,374,172,7
4996,375,173,8
4997,376,174,9
4998,377,175,10
4999,378,176,11
5000,379,177,12
